lable1,lable2,featureMatrix1,featureMatrix2,featureMatrix3,featureMatrix4,featureMatrix5,featureMatrix6,featureMatrix7,featureMatrix8,featureMatrix9,featureMatrix10,featureMatrix11,featureMatrix12,featureMatrix13,featureMatrix14,featureMatrix15,featureMatrix16
1,0,0.411996055705325,-0.327429856303494,0.206306388022805,0.598177448273589,-0.512478653171091,-0.0922867299874797,0.680845955000481,0.547911185114301,-0.0355932720784181,-0.0464669872981837,-0.21262185599109,-0.0732862943362505,-0.00140450390783763,0.116035165266547,-0.134373318460267,0.124053552726202
1,0,0.448538343488646,-0.388604647234987,0.203603625246703,0.65034586814251,-0.594194707487606,-0.102973953618534,0.646824110634767,0.537813897105089,-0.0331812644511798,-0.0560345808475748,-0.198039591650769,-0.0596791920148088,0.0580637565752996,0.00550247029872359,-0.126450600854576,0.137209362653476
1,0,0.452662803973429,-0.405988566926286,0.200235424163488,0.662241049598243,-0.613040738988205,-0.10076045729553,0.633138100927961,0.560350327391405,-0.024807624549516,-0.0450839700884873,-0.182401448558105,-0.0644186716157524,-0.00225876861957577,0.105431902862344,-0.158318521262593,0.136210264414772
1,0,0.418982726283125,-0.421942895684914,0.226292971014396,0.648041735675145,-0.593661365893538,-0.105299600782405,0.607352149930684,0.573001300415575,-0.0324934515832344,-0.0588539263359527,-0.200798669731789,-0.066645016938889,0.0574395929979383,0.0171159784701087,-0.0972853529463378,0.123226401023542
1,0,0.410144686148512,-0.42479373838094,0.246707883451009,0.653225659097695,-0.598223367335351,-0.103086492614143,0.595198410345594,0.575774539892528,-0.0304767411708384,-0.0524443307666251,-0.220703692900236,-0.0854724643082074,0.0105866860262389,0.107354012424475,-0.100504429278781,0.113972591554934
1,0,-0.906929848752527,0.187153430202191,-0.205746957641428,0.690898596098463,-0.436717732155455,0.165170560537221,0.777370316880724,0.70976884092525,-0.0469990862518434,0.191081332530271,-0.212336566871353,-0.149196931049409,-0.0743200704028212,0.0454057194088017,-0.0627616077373178,0.134870835110981
1,0,-0.900012363497817,0.358920756351002,-0.45272418699084,0.61156328225435,-0.32099058483817,-0.035631772915736,0.207475399480828,0.421405195375209,0.0758615051496413,0.250150666950201,-0.19538805947587,-0.104502865022957,-0.0429786941410878,0.0753389175948485,-0.111812222286977,0.133609532091077
1,0,-0.876868136738975,0.310288399353456,-0.391611518765452,0.616319487567516,-0.335176194977874,0.0298455020359907,0.332265075099574,0.478900942931818,0.10839003756764,0.200938615699534,-0.199455517281887,-0.0951519004092648,-0.0156993973934679,0.0958211896116687,-0.0868162373552168,0.155606034847722
1,0,-0.82981086859807,0.240873732512901,-0.284426217239126,0.590605220858592,-0.359387736941439,-0.0132297916787632,0.495213046240407,0.550574868653357,-0.0120470958329635,0.18991142219117,-0.17307589168585,-0.117633092212865,-0.0377354823006631,0.089009218256936,-0.0706193834942871,0.157828377481466
1,0,-0.806470119328656,0.269232482794811,-0.31792643616352,0.53478130724709,-0.339033579515736,-0.198827937752794,0.389634657168398,0.486043041075354,0.0318481158609113,0.19816133174303,-0.161804359534042,-0.0912379950960032,-0.00980900406319186,0.119479994898932,-0.0675753935494627,0.178539780803242
1,0,-0.463459967416197,0.0786644307086975,-0.180212352115145,0.490344772506576,-0.207268916855152,0.465860445764711,0.323898430530224,0.460785635900416,-0.0972778405041125,0.232761757128432,0.0547946812829346,-0.390854132962674,0.639853412332112,0.314981555477956,-0.180699856192765,0.102235511025025
1,0,-1.15363696005501,0.353612539039397,-0.397578692105472,0.77208457570526,-0.567734533499322,-0.399799813496097,0.615823541586056,0.614250269237956,0.00356363506115795,-0.183644152793899,-0.235235408829054,-0.0396066498050658,0.0529485761435193,0.052611834290948,-0.172352458400794,0.0393386886775656
1,0,-1.18173130608771,0.359194987134186,-0.426431413068321,0.834452512523569,-0.596573823375459,-0.346882984095192,0.588734732297049,0.635727882860667,-0.137524344926894,0.0141709399889197,-0.25616586561406,0.00129410542639592,0.12084723405469,0.0791829647987411,-0.160993554579334,0.0725225854745125
1,0,-1.22307804675208,0.49324876339736,-0.600457246470046,0.789295338470833,-0.51822543205072,-0.434782309972208,0.240334649378704,0.445992805003167,0.000974244792357274,0.0364004732376433,-0.264671573041584,0.0333167175538343,0.0812661304442769,0.0646433791379228,-0.17399622392359,0.0963417359599198
1,0,0.783642397436195,-0.000564638693251907,-0.442629809224796,0.662640203806468,-0.362332043349054,-0.145461397793818,0.239441865780262,0.605518202618578,0.0338432682360547,-0.0360399070984398,-0.072238418710393,-0.0166352515209022,0.0371468584326688,0.0857254975021165,-0.186973292669456,0.151463104856458
1,0,0.850049152167925,0.0749225292857995,-0.502540968694122,0.615358318901841,-0.316336285329028,-0.1192944390709,0.334327818802446,0.485964527146701,-0.0498317632778759,-0.0679260198413566,-0.137781601528286,-0.08932251915874,0.0224054099411002,0.0531468733086505,-0.121329854937016,0.125250278783626
1,0,0.442152205823258,0.119154310901393,-0.410819835708043,0.434311696022484,-0.413169404057974,-0.273869631437092,0.558103811514524,0.487816961794313,0.439998675164832,0.113951675594931,-0.28130132130791,0.24565988340896,0.249690052519285,0.183244376282323,-0.154572919950514,0.185979697241004
1,0,0.549438527770124,0.169938715945193,-0.319070381721583,0.270378122246598,-0.245002410928077,-0.0753538003884987,0.342648521466651,0.472453204423845,-0.0113201465396087,-0.0471737787962453,-0.19611182329965,-0.0517822511711828,0.0269692568675391,0.0800687549172537,-0.0812686685074171,0.0949930158223637
1,0,0.662689264402467,0.233120819971372,-0.423729832456418,0.375642641985279,-0.109915789002905,-0.0957162204177328,0.49326964732366,0.339315919055287,-0.0333114828790021,-0.0533593243107423,-0.241759715577789,-0.0544495488078601,0.0349490243065834,0.0343592420057072,-0.13523985033278,0.131071823109909
1,0,0.693503590290793,0.242985455056789,-0.440573553569953,0.350221195551606,-0.191294106592973,-0.0858754498023309,0.46613977945303,0.439166673782054,-0.0383413761520263,-0.0583884161109553,-0.202041507370773,-0.0552729116330809,0.0263511914013186,0.0428916547541338,-0.119351989312626,0.120580943055458
1,0,0.741675706841928,0.331922370769977,-0.540311041704491,0.263455388022447,-0.238643118635333,-0.0748624440269718,0.429478609483999,0.446282020480436,-0.036914594439649,-0.0637508136250547,-0.23635071893991,-0.0664731617433563,0.0453504100317558,0.0337217522910927,-0.0936827459020546,0.115233151920968
1,0,0.723714450817347,0.241590378522423,-0.480056134955676,0.3249471639492,-0.270809603400398,-0.0879454385365941,0.416937488448494,0.517127647798021,-0.025361609412337,-0.0619688352941384,-0.215856049224073,-0.0608203688437614,0.0286823118743371,0.0643763890970383,-0.103687013993636,0.116763934008195
1,0,0.812757902358846,0.693554355946366,-0.139193392687583,0.416578115081066,-0.296842196848321,-0.0770596001126733,0.353018289563357,0.52851791071952,-0.00145320571266088,-0.0561731781150169,-0.180491781276464,-0.0407390112846971,0.05758465908505,0.0268523929379702,-0.100169059472679,0.115724349609252
1,0,0.820807061802203,0.648485219589394,-0.162274514131249,0.411501202852376,-0.334240953016188,-0.071029207031333,0.364465787686704,0.508585112355052,-0.0143101719370212,-0.0596540365223455,-0.201122153912008,-0.0617519638774529,0.0301312098681266,0.058838965407944,-0.10190881625182,0.115667507036669
1,0,1.04277888922508,0.24135678621453,-0.636327657258916,0.688083466509164,-0.544733029062694,-0.121830563840673,0.372102665985897,0.490860611925261,-0.0413746153511845,-0.0768725183770595,-0.16673205155943,-0.0927418506356802,0.0698697705035218,0.0702190150952044,-0.139521985476806,0.168554467658318
1,0,1.1301268484496,0.146558422837084,-0.680871457284437,0.734323026083392,-0.677459433423421,-0.140513499548685,0.223459503887272,0.737739023807958,-0.022524508779489,-0.0945235309075888,-0.109988708173889,-0.0932741277615062,0.0291407111973984,0.0856975425197769,-0.0936068843571826,0.145927733747854
1,0,1.12333239340642,0.194167961622288,-0.649943290691728,0.683429037835274,-0.69776256603479,-0.116734071281868,0.275999640924088,0.617262489243693,-0.0552060739616138,-0.0961479932209546,-0.191443052648508,-0.139772729016779,0.0320202457268836,0.102050764300333,-0.0670713884379357,0.131243921211352
1,0,1.06335732221841,0.104847494041105,-0.574295290344086,0.682698599318871,-0.737277872993856,-0.118153570067311,0.172789382367197,0.734495413168933,-0.030325808385561,-0.0886407843412878,-0.112290454455961,-0.0967416615848981,0.0284714672483407,0.0868183576406237,-0.100700839395342,0.135164159366406
1,0,1.0885284691044,0.242475040006822,-0.666165908906182,0.643450573699859,-0.584671998660833,-0.120144170479834,0.291319962079029,0.684866514660453,-0.0448179159483694,-0.0922761031445986,-0.16807828863182,-0.121634414733936,0.0482469624220974,0.0929876262922854,-0.0630699280803462,0.126185511054803
1,0,1.15442297684138,0.287328375276032,-0.604999170838282,0.744196033107977,-0.622245054789887,-0.130097759425072,0.260832793600975,0.682514352097014,-0.0541609953872764,-0.0976216258140737,-0.142323923960414,-0.13044036086922,0.0385088026565807,0.0949002653216944,-0.0564024703773855,0.123593001770428
1,0,1.07419409209934,0.308972397056352,-0.583020358019806,0.732633997463472,-0.719766959221701,-0.0956504239636113,0.538125553457284,0.174200468971283,-0.00831221352989005,-0.00884657659583465,0.00248179078930457,-0.0791541383303113,0.0040620036490284,0.117642559843461,-0.0382738284808098,0.0859319587058124
1,0,1.04645808201631,0.502591570903347,-0.186144877789437,0.761984646604674,-0.757978840939653,-0.0975514864008571,0.357822387664391,0.21658982941547,-0.0052250780719214,-0.0350317840863567,-0.201248240419,-0.131536944197506,0.103354729330561,0.0391497765498117,-0.0362010596889673,0.112090185756941
1,0,1.13140740234624,0.430694603260378,-0.46160781987276,0.7895953090172,-0.689568164680808,-0.116573795264515,0.464867659701579,0.214745600079304,-0.00658432690425968,-0.0295540303390236,-0.122369235422355,-0.0985167965271388,0.0470521833147995,0.0740517960914642,-0.0597300828288228,0.114904302552663
1,0,0.797582384618745,0.250012729989389,-0.47939047538759,0.509487549954788,-0.45665814921629,-0.0708051979699259,0.539436272209873,0.175985407081406,-0.0441436150313479,-0.02544645166393,-0.150943167109045,-0.117000880095312,0.0190733054852444,0.1379737125023,0.0138182354709253,0.0585673165325068
1,0,0.885739312820693,0.14440661056274,-0.557228900265384,0.558939670937864,-0.649411654145942,-0.0786629865053989,0.429950784826885,0.324778878839893,0.00221864097261783,-0.0136417903376642,0.0704584446742231,-0.0255473966638383,0.0136164016826221,0.0512609622594806,-0.0763919096010975,0.0921378585279297
1,0,1.09654698404095,0.725529689116574,-0.19019445138181,0.798074392352683,-0.596849789511778,-0.113713570742921,0.38892875947816,0.266532511211821,0.00977349695588261,-0.0310091123323431,-0.125336602271164,-0.0676928934878071,0.0771543397875307,0.024370454824679,-0.0379233670932337,0.107517636281369
1,0,1.08210256576081,0.703584164115258,-0.202311983759286,0.782674729893615,-0.698756145789773,-0.0847422765986697,0.424086966847357,0.20759751003143,0.0206281311271148,-0.0116049616220178,0.0043876430165117,-0.0439143208342735,0.0575381458718544,0.0330406492984491,-0.0615451278697048,0.106690947308274
1,0,-0.969876235373533,0.299445851869384,-0.314389633305678,0.599510892195274,-0.448847733231502,-0.333470191250644,0.55054809707246,0.496045072983618,0.103894829222915,-0.211137275318277,-0.201708535711932,0.0165765805644332,0.0181435497176136,0.0750076498397911,-0.0717523637210629,0.149646621967356
1,0,-0.948640223394141,0.35852360674657,-0.409360422453249,0.569236583742872,-0.39141715281285,-0.342681889793363,0.318806584071139,0.376268095590573,0.179210725466922,-0.230021375372063,-0.198289431636649,0.0574422495548843,0.0484528624922112,0.101289652826437,-0.0881578625837988,0.144013209894478
1,0,-0.956435054783135,0.338711226261507,-0.372018336197879,0.590748338546839,-0.416476164921182,-0.332538384509099,0.391577196971297,0.434872461711276,-0.0210965465881102,0.00812494506564078,-0.21285243086044,0.0437657371919811,-0.0378322329332193,0.0304240908573602,-0.0823887053293939,0.113029019695533
1,0,-0.886202597927154,0.276429149192335,-0.2942063282336,0.54738151099358,-0.404992920032984,-0.316326493791191,0.497024402579176,0.46507981734244,0.127568921650641,-0.169925652796948,-0.181634803892282,-0.0164185781001228,-0.00857913621507646,0.055719497833459,-0.0680476147402981,0.139223963019074
1,0,-0.845451792692176,0.257852852514561,-0.273479191403189,0.526708167220256,-0.386156316234921,-0.278850752856139,0.487269397913446,0.455734838407359,0.0969137850566,-0.181840852486892,-0.156908060640874,-0.0377069298865147,0.00498862313245279,0.0659934634440074,-0.0643208546047686,0.155246037386812
1,0,-0.799296836087684,0.272607799842945,-0.29324353603851,0.503857079528818,-0.340787505573686,-0.221294223524082,0.341691411448704,0.388207575337237,-0.0893733095737176,-0.130098210367707,-0.128500565092345,-0.0686119866295017,-0.127553989963665,-0.0196730724938703,-0.108307275267007,0.0605954189349308
1,0,0.727399185708686,0.258448474964526,-0.407375055247754,0.325277673893121,-0.276176958954076,-0.0559936732556876,0.520312195916733,0.364524382393789,-0.0731666980796682,-0.0650915673902675,-0.163340683453663,-0.0704878340796053,0.00266207095496352,0.0127477985796595,-0.125715002583312,0.115627064386488
1,0,0.778414334593181,0.163123616062758,-0.392496343113263,0.430827117603861,-0.38503140098336,-0.0726155027018262,0.44787417402992,0.38323594361668,-0.0631447846646152,-0.0664831788618604,-0.152067639281809,-0.0756839064225824,-0.0030483590671442,0.0207686762035746,-0.131427355076689,0.120820227728967
1,0,0.853518282776472,0.270192125809494,-0.541399043940653,0.367673536169902,-0.309600242832789,-0.0710868474328092,0.505639095227055,0.488314945742753,-0.0865042821321357,-0.0835908206001752,-0.170373108749575,-0.0890471854672038,-0.00283522582772632,0.0243164456794721,-0.10632567997421,0.114064447155394
1,0,0.918761115411249,0.553567631976534,-0.343662757872601,0.385843125336082,-0.403001372235687,-0.0544848485092215,0.473070097240482,0.490361475960988,-0.0796764251386231,-0.0860654355018362,-0.196866024817654,-0.109508835907109,0.00832989075515496,0.0323395872689187,-0.0529118681780098,0.0945555528715607
1,0,0.917762242210722,0.658847176215467,-0.15980082236591,0.483274330752785,-0.4630284096074,-0.0488850714770773,0.456025673182881,0.425526608571397,-0.0355479765356944,-0.0552839684955756,-0.0486497821461658,-0.0489586487138975,-0.00953538624788045,0.0282966968721129,-0.113319495084698,0.107106970669931
1,0,0.925274157738785,0.663161437569456,-0.186126706336675,0.453817909100229,-0.385181692977092,-0.0590612923632311,0.439379935176932,0.49912936595421,-0.0629669562550233,-0.0794994522066238,-0.175207831655592,-0.0861387981515477,0.0132153690987501,0.0185200502881466,-0.0979610875124684,0.113004143692747
1,0,0.824309949250105,0.0991130286802189,-0.372964748892853,0.696746206290274,-0.217751897180726,-0.150579094468931,0.303589521913321,0.329331806746724,-0.0285173461287011,-0.0647584275242856,-0.194943157557873,-0.0670158843190557,0.0278917402358498,0.00435826360837473,-0.133067458833716,0.134299634295615
1,0,0.843459282053663,0.113221460213681,-0.387434509117903,0.694222073796472,-0.207862838933781,-0.155191793553659,0.261823663249368,0.436912624793846,-0.0313695057173964,-0.0730921766813229,-0.197675011443831,-0.0732091396693674,0.0172435965189703,0.0297426564770242,-0.123946035475337,0.128846047999819
1,0,0.872858049283314,0.0865360191068925,-0.393288939511176,0.728008237565714,-0.315304910545997,-0.149991628686413,0.274061514807433,0.353620107949151,-0.0216243212878439,-0.0623394599044138,-0.166575408827149,-0.075218213863054,0.00267350214215024,0.0467244161641416,-0.118248011841225,0.123424337309978
1,0,0.873978057125118,0.284529210400215,-0.127099335946558,0.828197360744415,-0.283327861752316,-0.152334815721472,0.250915298254409,0.307534481006039,0.00469276112346488,-0.047943901276442,-0.137401856889798,-0.0382443894411403,0.0161693126584599,0.0146506196693217,-0.186873652665521,0.152224661629753
1,0,0.777700588284889,0.0533677855041703,-0.321643034627544,0.678591190482015,-0.23496348768561,-0.149790493664454,0.21803353341669,0.434812508602535,-0.0175856582282684,-0.0644873693405474,-0.16782155037465,-0.0548027484480972,0.0153932474179229,0.0265145070488643,-0.145005557149581,0.132454067322281
1,0,0.839451744035262,0.222369217030483,-0.223418462868613,0.737597643106653,-0.258062044489796,-0.146497191662242,0.240778449680603,0.387404476590418,-0.00920433845612239,-0.0573469887657805,-0.16112819485703,-0.0556350765095997,0.00555450319559563,0.0445700355533898,-0.152200697755249,0.134393595828776
1,0,1.0204076735605,0.291962149966404,-0.660315021582671,0.671478452089456,-0.137274970382701,-0.141237384704292,0.400548497233154,0.721856271931751,-0.0854192960174645,-0.103880947584732,-0.150847112617396,-0.104763915064468,0.0502836125010647,0.0241875334582641,-0.073244313981634,0.121267591363101
1,0,0.893347658478372,0.259458296431086,-0.561238821150638,0.573942781777545,-0.285319151940544,-0.121314194978855,0.358443233300799,0.612513661992936,-0.010224315188591,-0.0650225281030165,-0.14384685096252,-0.0667862571060759,0.0381601566051928,0.0799498708301777,-0.0791512720655677,0.113753911939744
1,0,0.952437110048683,0.215536208038823,-0.585470817425078,0.673116456885799,-0.185233582580642,-0.154065094506996,0.337253534802446,0.732685228191173,-0.0374242589016254,-0.0855316961192431,-0.178203761387006,-0.087008288520077,0.0200371376546602,0.100227249024631,-0.10572590678127,0.129350575830689
1,0,0.995714602942169,0.228052589282945,-0.613568964403625,0.691836013389208,-0.229134869966881,-0.149113711746868,0.314307254582126,0.762123703234879,-0.051256016605565,-0.0944382200029595,-0.178806064912906,-0.111133282191242,0.0524107032228053,0.0763111001673964,-0.0494390651840849,0.108129909749198
1,0,1.09092392384335,0.227877221249624,-0.704402333600292,0.819426830397236,-0.264809495572391,-0.182501883790465,0.367022833174356,0.691259385657509,-0.00475047329879873,-0.0784237787040663,-0.103146896943184,-0.0613373860919012,0.0180104647757763,0.0902804591756339,-0.0817139224291083,0.128843595157807
1,0,0.804383614459506,0.566178206488481,-0.201263849178336,0.421837060193622,-0.400870933855517,-0.0619146579164629,0.353602601726999,0.548358886434791,-0.0235293206895207,-0.0587683583281656,-0.145388909393323,-0.0776548420185692,0.0380589054974508,0.0666189226265694,-0.0881557484943944,0.115955323758416
1,0,0.961509350672977,0.755281814731196,-0.026995727635559,0.643325134077659,-0.521135734238666,-0.0887548898706947,0.248228714557523,0.572581468370853,-0.00170095651566322,-0.0625840783637514,-0.173062360477508,-0.093425118597745,0.0485786625702351,0.0762280890207521,-0.115742642872295,0.149631674307701
1,0,0.872931459177742,0.746501125740434,0.0504822408168908,0.520377337618347,-0.550900398847189,-0.0654078998676499,0.233131492593745,0.541966315200553,0.0102016760388282,-0.0524744581822625,-0.164043373081645,-0.071526516049585,0.0421464528265205,0.0727886776911398,-0.119667208698853,0.132292991306836
1,0,0.905634346329397,0.747491157356651,-0.0377516445170671,0.5209522658437,-0.481811110116662,-0.076968341443598,0.23605102953506,0.649133747933165,-0.00649926797827995,-0.0675985916947557,-0.169751788703161,-0.0793814666153439,0.0491474529714855,0.0649389929460112,-0.105926971192378,0.133057568290302
1,0,0.906754269434188,0.778093650337376,-0.0489018126809518,0.479730678592247,-0.495162959794038,-0.0631967145104383,0.257240636779095,0.630073028017788,-0.0102501874380605,-0.0705439839476421,-0.166808813642553,-0.0789085363715804,0.0537018994814848,0.0428620430753262,-0.0832569199881511,0.121835370948093
1,0,0.894466408269911,0.712264243552206,0.0230349678754254,0.548321827388019,-0.542156619210819,-0.0810772185015657,0.222014385342182,0.581143384536645,0.0101011834589077,-0.0650743205993537,-0.192485436845641,-0.0739073723130283,0.0399872277411446,0.0605730464926198,-0.108455937732017,0.137779298803689
1,0,0.921154291200545,0.582978353621848,-0.146728645370529,0.548127830123856,-0.504872325968817,-0.0925114738983388,0.26156542940143,0.599100057833282,-0.00217957057997309,-0.0697155065666033,-0.192476922435271,-0.0739207182892477,0.0449998773789579,0.049103036347613,-0.123218829215073,0.14376753565854
1,0,0.721500738644518,0.101650322561817,-0.398544950050622,0.352476433957278,-0.584212590454768,-0.0955748640440938,0.291566495439473,0.439997844670321,0.0386607534449462,-0.0400604698073549,-0.234024456043199,-0.040716847880685,0.046027467342375,0.0654784934042711,-0.121669757571062,0.128492905539365
1,0,0.768142773662954,0.106583231334652,-0.471051307802651,0.37948802263093,-0.537116634454189,-0.108311723981614,0.262220577706909,0.600160616134163,0.0445811106512266,-0.0441600227671754,-0.156389551691648,-0.011587046665492,0.028604185470517,0.0749251088557294,-0.156148802006221,0.138091700470887
1,0,0.825623247794943,0.163509486592268,-0.512130527902364,0.353546223156933,-0.640810969583387,-0.0908579760795956,0.367596423055794,0.388830828266552,0.0267162923653195,-0.043443940995061,-0.248966158859353,-0.0583051433875122,0.0421489726528785,0.067459442516228,-0.112051527975936,0.129760747466818
1,0,0.810084386834911,0.132611171773335,-0.5068669291859,0.3674498840427,-0.63093021082589,-0.0948130718529003,0.360876119543234,0.383923333475056,0.0296940986549247,-0.042533197656093,-0.231720969199725,-0.050386037688119,0.0506143082088214,0.0496313912877847,-0.108723032450545,0.129041275490344
1,0,0.767303940981488,0.167575459582751,-0.489546485664786,0.345335899068458,-0.497635057584128,-0.101644220683005,0.314459770787437,0.557798686425573,0.0347751701887776,-0.0452604792749913,-0.18233444733219,-0.0249456164268074,0.0309675112044451,0.0794192985034694,-0.128857863559594,0.127365959531225
1,0,0.821961958724879,0.154707353281475,-0.503456507577304,0.404241829254504,-0.571650816837784,-0.105032834861722,0.358568849298166,0.420123661751016,0.028954315127444,-0.0443540235401604,-0.226534241900719,-0.0502917590805146,0.0416548279802922,0.0669886686556181,-0.107912843580439,0.127051432072499
1,0,0.745637000996698,0.244451480600477,-0.490849018199613,0.259864928567396,-0.488254573116499,-0.0829312006872499,0.365019173184452,0.507806777873449,0.0258480897463223,-0.0452207131344736,-0.212920776299032,-0.0348526447836104,0.0407365761558987,0.0707929365573328,-0.106620777902537,0.118909903635646
1,0,0.805098999692509,0.202689641464555,-0.477720802186643,0.553275178426031,-0.292936152122242,-0.144193653526944,0.582826995371712,0.615475250819875,0.0381700756874475,-0.0386650783164672,-0.0684699974901007,0.00994045368985056,0.0365268416201362,0.0758555692475383,-0.0917032006352919,0.115295960375818
1,0,0.949134250880967,0.204434622618682,-0.513720780824208,0.802430506592192,-0.306605073819657,-0.177284617608174,0.672937297687453,0.441460946585202,0.0527132812389192,-0.0215725909315447,0.0071816710046953,0.0240500625580915,0.019209581588381,0.0742724949353522,-0.124163348651713,0.131635371894521
1,0,0.824492265261239,0.0546664494171532,-0.341058626643343,0.751854689507444,-0.402004314267105,-0.16974987588733,0.519539778504322,0.479382450743371,0.0609613399178212,-0.0239639104555229,-0.0873061578908945,0.0115000659890483,0.0262371972234794,0.0845797405539566,-0.166391697601518,0.150051166078815
1,0,0.819231124144327,0.172178508893134,-0.422870243089427,0.67193189345948,-0.335390676227888,-0.152408587306783,0.61586614162812,0.466753367488278,0.0608328937059313,-0.0172097004080565,0.0105662498173761,0.0375134106376902,0.0322881262804457,0.0580821158847098,-0.119475868490627,0.124044961778605
1,0,0.850709899127318,0.138845013345772,-0.451183816304848,0.724202384181508,-0.27529237023727,-0.166190223908105,0.636458723436354,0.470712817504349,0.0615962476223531,-0.0130537143000706,-0.00751194848659729,0.0516070781623932,0.00753788593202418,0.0807188582147469,-0.227700500451292,0.168627644094206
1,0,0.755979895977197,0.210289639924684,-0.412941581052308,0.533075711922915,-0.335318834249983,-0.128633538363738,0.604603289585305,0.514545340012068,0.0533568007451298,-0.0208285442231589,-0.0245304654180102,0.027480865897859,0.0300286041958001,0.0760963168064773,-0.102116051648556,0.112581248768823
1,0,1.04683840875317,0.741646552736335,-0.213732000421515,0.724288316741224,-0.24424489157175,-0.124964710812638,0.501939156173079,0.41818230219066,-0.036872256034261,-0.0726245941997395,-0.242066543623121,-0.0971417340706383,0.0667793421129568,0.019753974400521,-0.0846080915216559,0.132350311365109
1,0,0.944673230398204,0.707537213593106,-0.0966602181476379,0.709282795518488,-0.334399316404998,-0.112302472512345,0.402139443301457,0.452856180470537,0.0297011295558549,-0.0454601451996936,-0.187364342731942,-0.0531356594356539,0.0622423553962798,0.0609085185367356,-0.101188731230164,0.130507082051168
1,0,0.94325029668892,0.760391189818735,-0.107741604234175,0.68371422671414,-0.238336411189302,-0.110901903119272,0.492736466834063,0.346230163746045,-0.00813040860595141,-0.0586585364570987,-0.262444355939573,-0.0822161327519487,0.0916333564337902,0.00479691905447689,-0.0839866992476122,0.136774351228796
1,0,1.02730399415358,0.664007983422101,-0.0850149722742919,0.742214902169962,-0.167614712957636,-0.058134022341596,0.560278951569793,0.356139581590052,-0.14193546192541,-0.0461425484552582,-0.350493721518288,-0.282264011971912,-0.441602168604726,0.754574458168036,-0.255641731979887,0.0905659951152855
1,0,0.851099867014716,0.0322088389443117,-0.487536077540553,0.564894638599298,-0.545500727189139,-0.11193133929137,0.256203505210983,0.49649649029719,-0.00797377101938605,-0.060668640218782,-0.154795645506634,-0.076061207974964,0.0185306951658101,0.0690753369510617,-0.118374913103849,0.130638281250852
1,0,0.830935735758622,0.0632888285174946,-0.50428154397674,0.544643501128069,-0.502424877585456,-0.119943033312792,0.256136448924348,0.505575297513257,0.00842805845337594,-0.0586868667256505,-0.18068171975811,-0.0749225575214881,0.0437685866518055,0.065921275837204,-0.068656090204148,0.112927593753945
1,0,0.864678443949727,-0.0912658285680103,-0.434058544326618,0.636826578233122,-0.591778405489473,-0.136702215045092,0.123307748925142,0.44140063670967,-0.000192797211508352,-0.0646731113734997,-0.194726148536267,-0.0749512681269887,0.0107703445024639,0.0467089508925543,-0.148667901326558,0.140204023884984
1,0,0.91229306920649,-0.0578038500708728,-0.483227637152794,0.659396380759138,-0.660114320317617,-0.12830876709288,0.180425921959754,0.36650850631495,0.0121255686098595,-0.0498302958650775,-0.105546100465885,-0.0573439889986825,-0.0061669454316577,0.0531518450939998,-0.14372759617143,0.131862496158883
1,0,0.858100596006418,-0.0350404304097662,-0.468520265741496,0.596008600117771,-0.539357469511838,-0.130862422798974,0.145549787511079,0.490070520184234,-0.000777284413036517,-0.063469825104187,-0.155657734281539,-0.066197678091694,-0.00162412906397066,0.0645481554183464,-0.13317561247184,0.12724395514481
1,0,0.84227107643284,-0.0189414134069533,-0.448609129409552,0.565243536005862,-0.575821629447898,-0.11852717941644,0.172900407236343,0.418080660814381,0.00261164650572304,-0.0562999584011434,-0.15300384333838,-0.0608969368890818,0.00379792234615135,0.0498832586340075,-0.143329044700649,0.131334555522341
1,0,-0.885136790064999,0.230695018301978,-0.281078141452264,0.697462561772036,-0.367361975986556,0.476165989716572,0.510858277539566,0.522249965941613,-0.223131678825955,-0.207288023924958,-0.120368816299132,-0.0797641913576317,0.121128394896579,0.0918996679965002,-0.111809446472543,0.12785392252354
1,0,-0.761056515899382,0.241507231483208,-0.259159386670427,0.510379412355004,-0.329948889440394,-0.0641826445855298,0.335670517588078,0.375626477894602,-0.422504565153507,-0.371059835087363,-0.0337477479719381,0.0528508543630868,0.142642888696168,0.18472299415838,-0.0986593933305425,0.166680251848992
1,0,-0.829891773663743,0.240827475134211,-0.265157828607074,0.592993033884067,-0.365184569226417,0.102241972651423,0.427116350640962,0.442865935404471,-0.431942967602727,-0.298820919987257,-0.0710292442932103,0.0592670832260375,0.181713673214659,0.186702416116228,-0.0994909091626461,0.159788648706243
1,0,-0.706112442144211,0.18325575525222,-0.285420280379476,0.590464774186317,-0.310844173578729,0.262161295871029,0.447866506774145,0.51512885327498,0.500551817431518,-0.0246863381572226,-0.218476734861176,-0.106257030358385,0.0630171089110233,0.0441223415473248,-0.0458872968685278,0.130785059735339
1,0,-0.74465093650962,0.194314845649025,-0.279010433612878,0.587281090321607,-0.296199483877586,0.274657250430412,0.494434717051033,0.568557918309967,0.37990128491564,-0.07147530032428,-0.167377031118766,-0.139491977275681,0.0522181102003893,0.0579296602257429,-0.0683341880126549,0.117333837094927
1,0,-0.990676845657689,0.359103039990716,-0.474613082548363,0.713554321862062,-0.339800485707929,0.24266320509457,0.302922568210143,0.497068403796089,0.308315525501413,-0.139515121815955,-0.16922604067824,-0.223236634493864,0.0153036033689107,0.0134389856807699,-0.166223206943482,0.0834401891578627
1,0,-1.00764031056134,0.403355867508277,-0.53997161920692,0.71748188792677,-0.324008051746958,0.235891685014297,0.180074151096849,0.432292415305524,0.315916442464245,-0.190213077935104,-0.185866194276945,-0.128000934696908,0.0430683725038405,0.0471294145126128,-0.17144066846085,0.0748902783299145
1,0,-0.715658055226257,0.209986922718797,-0.283290095204151,0.55266531492333,-0.3405923537277,-0.0704820420950897,0.350371908028755,0.463953759734675,0.0539985429759521,-0.296810265631872,-0.124026015927656,-0.0109339185385513,-0.0114034649762096,0.0789545115359704,-0.0653179286694959,0.162651194880752
1,0,-1.12998393297287,0.387447029360256,-0.532883687938821,0.934166829225546,-0.525574054326264,0.254809061765383,0.284840883922372,0.478539488261466,-0.282375880363865,-0.0671765614079852,-0.342316750645772,0.306364243775754,0.0376491764403953,0.0861498483175084,-0.0946255161512594,0.117456370262488
1,0,0.728130752073602,0.127111527764167,-0.319682336220447,0.501883349452962,-0.445424366579453,-0.0926717731949565,0.463055667258229,0.0874422038766061,-0.0281390959381026,-0.0408124042136563,-0.344228460281383,-0.122016725303452,0.083317676802764,0.0260142943029497,-0.0969403776605437,0.131843556680686
1,0,0.722531684900617,0.17138274690497,-0.335460575291836,0.504523642352327,-0.307068136157725,-0.0921485065520696,0.563117278561176,0.0246134104797636,-0.0494114297422327,-0.0426507138259923,-0.328040934189008,-0.113500768694536,0.0528991442946493,0.0175888453476046,-0.120641430134188,0.138908140445364
1,0,0.87242208132424,0.127893469800958,-0.477895044432249,0.787829191869267,-0.149047815622303,-0.153685762700073,0.404804170762147,0.465276319493281,-0.0521969502967274,-0.0579527352407781,-0.201002382584868,-0.120411446791879,0.0827868874857673,0.06905536243749,-0.130451753297142,0.147941122119584
1,0,1.01142149101764,0.0986679964890224,-0.561292071418892,0.966195791051953,-0.0953227938735365,-0.204413592216151,0.38508241043264,0.501254200454658,-0.0419522012174427,-0.0676041440684751,-0.155856735432458,-0.0939650523465905,0.032692101110826,0.0802016509549469,-0.142808434551965,0.149178729049795
1,0,0.960298243773604,0.112465938985235,-0.538736544536082,0.823544584690678,-0.209324686982925,-0.185724893319295,0.337748523888987,0.569287810850226,-0.011547314563851,-0.0651242574509851,-0.120258077926705,-0.0585642555785759,0.0260018973517795,0.0688360717153587,-0.125461023026537,0.13630816058616
1,0,0.919922789162433,0.0927622692473978,-0.483553700774879,0.890302198046106,-0.122779348996963,-0.183685413021399,0.369630021973917,0.484818887356488,-0.0228205167124917,-0.0529487003326528,-0.132402174557524,-0.0737732489533838,0.0475884480114835,0.0754793760737952,-0.150690108129523,0.143620792973916
1,0,-0.876094182684199,0.291116647174971,-0.338720456066923,0.566113004203821,-0.388962452515937,-0.335768124779898,0.392282057753153,0.470429667701199,0.1015671662373,-0.0872564963921684,-0.113883470712315,-0.211778447443678,0.0355193658346308,0.0356049631405215,-0.138807481881313,0.112085701912642
1,0,-0.915703270027349,0.325723641897148,-0.380996463502811,0.58507250603917,-0.391807348431363,-0.344386400271085,0.335393099720074,0.447189871951089,0.055532199250744,-0.0860659926143751,-0.112610257813188,-0.200235368757547,0.0427950689262393,0.0426895846288567,-0.148485629313266,0.123424834717499
1,0,-0.942447022745674,0.327346104831619,-0.372388120264721,0.588912192291441,-0.399792375164777,-0.36643406644059,0.388589197084019,0.485434200967705,0.0782439735261676,-0.0758684959210322,-0.103984797106048,-0.254261796726026,0.0295850215427189,0.0234546882544503,-0.16367142622361,0.102579264138027
1,0,-0.862160358308233,0.293186960057949,-0.333426893384041,0.532131198526323,-0.356941241520079,-0.312381357611466,0.392619709947819,0.471365811776104,0.129539547009766,-0.105953041428978,-0.0948760117943987,-0.221998437573014,0.0347331426602194,0.0459435439791116,-0.135747939822245,0.117296944768509
1,0,-0.977603873879891,0.360320537568933,-0.414683303373853,0.594483026116096,-0.395787014831398,-0.373380064744087,0.354390477029317,0.471449598569426,0.0974456571406117,0.0128013904795056,-0.129329126489812,-0.189896398340993,0.094006169332421,0.0675736217969349,-0.153952879384081,0.118545033081608
1,0,0.594098287061632,0.198653234587432,-0.370159862278646,0.229959537756368,-0.360858395487977,-0.0489181088013966,0.295864823213719,0.479167082044862,0.00525777851727402,-0.0325613161774529,-0.133024470788215,-0.0293542874684519,0.027954616187061,0.0759386739868216,-0.171213078518848,0.126936600350069
1,0,0.405250292029734,0.142969501940312,-0.215624901476167,0.153901665540973,-0.270512169349225,-0.0347738020328542,0.260313240297336,0.470980483206249,0.007274287459718,-0.0286777144814679,-0.0952771841298952,-0.00760180673663881,0.0557566038104196,0.0252279328163353,-0.1276122057959,0.101363596876966
1,0,0.584291205009475,0.166836096171943,-0.371114927662678,0.172173380400868,-0.478783774066057,-0.0181512338396291,0.412410978591467,0.365516672976776,-0.0175170848466468,-0.024429975421496,-0.165027813893629,-0.0604419990315523,0.045609887297439,0.0755856749914782,-0.154614600644655,0.117212733046771
1,0,0.589696068987281,0.155759062975028,-0.354402568578193,0.210124285025142,-0.460914698572825,-0.0428013895220725,0.367594147349949,0.403389029443275,-0.000642130063928914,-0.0291209175792819,-0.175273349862779,-0.0473480865024364,0.0484742469207745,0.067765487084452,-0.143020604987665,0.118452768557612
1,0,0.400924946661254,0.164318425694508,-0.19332638217068,0.160311320543926,-0.265480180975224,-0.0352713231847267,0.308086003211462,0.48214411944534,0.0121838461138382,-0.0231784691613145,-0.126537305082188,-0.0218705396975152,0.0282240056698032,0.0961120834264522,-0.116175178611394,0.0916834475118803
1,0,0.686851703559368,0.118975826177752,-0.420560465387248,0.260889975076947,-0.5416981012096,-0.0273883961251024,0.405229710316964,0.397800392414166,-0.0279643184519974,-0.0343059231375853,-0.167112733880371,-0.0766911580002721,-0.019085393082313,0.132490046500617,-0.190580903221937,0.130060326748983
1,0,0.814761047348536,0.57322829290806,0.154602402932675,0.696044167517837,-0.325396268912722,-0.119807846904047,0.285585580594134,0.555459993716871,0.0156030905496327,-0.0544378555272819,-0.176884931951115,-0.0339908233047505,0.0320645750918408,0.0483535963646314,-0.158863615840687,0.140520417697564
1,0,0.914474137478052,0.612301521425492,0.0682123998740286,0.770110674786973,-0.31401103467229,-0.134653475697802,0.327629645379551,0.561627267518715,0.0102103407888089,-0.0601644578814495,-0.151986551316491,-0.0337530294585164,0.0375591666908542,0.0295339251352191,-0.149504723813805,0.14262464774597
1,0,0.960076107074602,0.610505727699413,0.0101703848828182,0.827483060958595,-0.226867597899656,-0.154420324257883,0.363190746839174,0.558230001073681,-0.00602453042251061,-0.070758572483246,-0.204106968004043,-0.0531230741194148,0.0432208270749652,0.0281797687600636,-0.14299372730608,0.147444257191394
1,0,0.856330958624539,0.623571863343647,0.130413420586131,0.728863378970141,-0.284562702113948,-0.128180496041309,0.301744850242099,0.585786065120836,0.0126240400055009,-0.0589054870846779,-0.162442609229529,-0.0307373756525589,0.0369349743890848,0.0376573691872417,-0.151696482000397,0.139981896559406
1,0,0.91535424804423,0.688655178951516,0.0430469539723304,0.778994787279395,-0.151362061688252,-0.144973955809033,0.37926301761156,0.589911530287863,-0.000784212650819828,-0.0645041330388524,-0.162269186181892,-0.034621321126194,0.0334918441966089,0.0409458999289444,-0.14249239256007,0.138731070513108
1,0,0.414168189639836,0.0799027235266482,-0.105993493762196,0.469695711320258,-0.0255272566315343,-0.113547706702434,0.210182587774883,0.559255840180675,0.03550392373036,-0.0263877475136886,-0.0815834390424379,0.00145058144391426,0.0208588052199569,0.106289481307777,-0.10649362400175,0.0893968362755553
1,0,0.489854167751547,-0.0301570058733722,-0.0601042601359732,0.649650464521786,-0.101460544306829,-0.142135636758175,0.226281088238692,0.49564057024226,0.00850102859294721,-0.0400088618277739,-0.109531899886599,-0.0339196722024279,0.0484154303884924,0.0665333279936014,-0.0651493494924651,0.0836843515496621
1,0,0.52928846867779,-0.0440192761617913,-0.108282849108131,0.72194688173594,-0.0562341146089433,-0.165887723503871,0.234573583504347,0.441545202326569,0.0200069164016399,-0.0399927267680142,-0.141517689334553,-0.0365849237114634,0.02872729619425,0.0878162699310254,-0.0636292049849094,0.0888471208858869
1,0,0.562546253521278,-0.0847811755451374,-0.11052139753179,0.770104038836232,-0.0811351198504961,-0.180419041728749,0.173230338485299,0.448321142008732,0.0237592324951939,-0.0464507797029859,-0.153231151377205,-0.0343525523449667,0.0360039086911108,0.0582663345663568,-0.076111845224956,0.100032107753461
1,0,0.47140372277579,-0.0611011406940484,-0.0492923736721671,0.614465627981482,-0.112763804437227,-0.139340766259614,0.212515608519351,0.532330081647528,0.00671115755483452,-0.0460667927573181,-0.117110787580623,-0.0325843604166942,0.0253170864341678,0.0716564454602652,-0.0796272067346876,0.0901962056588625
1,0,0.692787008860282,0.155859534118236,-0.365602932151703,0.361196117621656,-0.437923739334177,-0.0654408304348264,0.306800976370697,0.451124286041345,-0.0180603303847464,-0.0523237813157885,-0.138727734484312,-0.0577477479553963,0.0157401757336001,0.0476971009365448,-0.126857562169057,0.12093560036069
1,0,0.601372090861329,0.098834074730055,-0.288193239461156,0.392943193170543,-0.391998138637639,-0.0703011729078817,0.277659502550873,0.441648225031165,0.0055236657513498,-0.0359424895566831,-0.0689251683993313,-0.0365445259733173,-0.00191296701403564,0.0825842914463536,-0.10822070096024,0.100901062231925
1,0,0.662304864487543,0.0793598630656491,-0.330699960418004,0.451093590577007,-0.43327338502124,-0.080490170340783,0.294418345713208,0.479395460442578,0.026717243165454,-0.0270065424421084,-0.0133675313146136,0.000370870906395878,-0.012302830088368,0.080851914651086,-0.181801925694702,0.130745108506182
1,0,0.69300448517583,0.233038323115106,-0.432569317639513,0.325393075447694,-0.315621438889614,-0.0739106104883517,0.327591801050567,0.551320014069764,-0.012074934817234,-0.0476926494843833,-0.103522313114839,-0.0356931745953704,0.0230792029275294,0.0644075311255443,-0.140594349820958,0.120435427250712
1,0,0.637645341327799,0.187478310832127,-0.372976090409812,0.304977209521663,-0.356590697146151,-0.0694132456399155,0.34160532396797,0.530158627088072,0.0024887232855976,-0.0365027105658282,-0.0985427326123311,-0.0259809753164692,0.0146000995148701,0.0870182473584123,-0.139524743634109,0.113231124897462
1,0,0.464054031579473,0.143075602319776,-0.218423941996972,0.243651667351539,-0.264631640074128,-0.0565247787092617,0.281745204140052,0.515797209749313,0.00104033674251847,-0.0353777894431849,-0.0947210650765222,-0.025736782647961,0.0103079499642561,0.0883887934031958,-0.101821126512813,0.0901771691000402
1,0,0.837255510923756,0.533557606943985,-0.0933978432772472,0.571091105697676,-0.400780946487759,-0.0918678554822288,0.261396597153924,0.511710091558529,0.0107341430170127,-0.0449359224687408,-0.158905557718179,-0.0549131862073554,0.0470713722658428,0.07065995211733,-0.143233380491768,0.129372864943314
1,0,0.934558891060727,0.60463728296529,-0.0763520591862428,0.657824682923041,-0.357473092641727,-0.108832144388946,0.340557019144876,0.506234395934025,-0.0152824858756632,-0.066931655052254,-0.148837031030481,-0.0526390069262851,0.0314773505241994,0.0129366862035101,-0.124171927536955,0.129475630298276
1,0,0.922531636771425,0.58489545157144,-0.0559096585339039,0.646943256745232,-0.432773893778197,-0.098577489348167,0.326552074230644,0.473245418367209,-0.00871293655999388,-0.0578190700152175,-0.146510664033674,-0.0669714977808041,-0.00218199706361266,0.0766049994740768,-0.110415528179432,0.114655602939678
1,0,0.934953077839228,0.611298482795589,-0.0791694936423041,0.613485606045628,-0.464771139888971,-0.0902546241356814,0.337789713951002,0.477778103961915,-0.00860266611958498,-0.0584053061081311,-0.12858623799711,-0.0601736990680355,0.00719110682636599,0.0548322438497579,-0.107088401999594,0.114626123649668
1,0,0.844922713381517,0.592781731784323,-0.0217481355151792,0.589773080277892,-0.344866274981044,-0.0932620561184286,0.352093813680087,0.435929072195206,-0.0153241398233788,-0.0591493762150367,-0.172453280138626,-0.0633017526307755,0.0257231035653457,0.0361277162753067,-0.0955870591415903,0.111384158341536
1,0,0.796091933277032,0.160278236588611,-0.385606620847438,0.517183316878179,-0.359465530177443,-0.103110506858113,0.413199153906146,0.375120773427865,-0.0378765088699127,-0.0632460982801675,-0.177129397330838,-0.0731462100839365,0.0207653624237603,0.02202358320238,-0.0980069268122766,0.114857090297981
0,1,-0.447559808754229,0.424945099002586,-0.115029803242014,0.466101909230459,-0.121779430393951,1.02998700732297,0.212442966268194,0.499451482921897,0.530838429189522,0.513309775402976,-0.0983256207117758,-0.20342990782999,-0.109340604218843,0.116454781847321,0.105823431321095,0.0120127418694756
0,1,-0.453153239101702,0.422812376539507,-0.0437899388421121,0.389312749246601,-0.0283608558890831,0.793451225384982,0.23494742208782,0.0117112820675516,0.339077031535069,0.59593178939968,-0.0992808332202491,-0.205803734856407,-0.0976373368564181,0.0997605182855186,0.0748948260026332,0.0207927872530489
0,1,-0.493101051911963,0.46230074157,-0.0693891120544069,0.434041150969817,-0.0639942422614025,0.935242134927776,0.260299767028481,0.149450422450908,0.383482708484102,0.572334379943752,-0.100559693805752,-0.210341639363124,-0.088589430768049,0.103670369633638,0.0881099536815281,0.0192713911993548
0,1,1.01246544649998,0.93485391174098,-0.253138717132921,0.529488032607366,-0.0892259559003321,0.576916343079945,0.0643858136026131,0.484748676361836,0.35516391794996,0.458018788019928,0.00614268908490869,-0.210961879404156,-0.0901229929076176,-0.00255654549414412,0.0567604303626374,0.0281475545005767
0,1,1.01803194600618,0.917499933209655,-0.262596422695568,0.538170835179858,-0.0901648894234253,0.603916526686635,0.0866119899511559,0.498528947335244,0.425304762206262,0.801598755195914,-0.0969787099439696,-0.136895035211817,-0.184196716742799,-0.0264536869512281,0.0661049292144831,0.0465137994679173
0,1,1.0943593585026,1.00535990756932,-0.268341901938357,0.507479678487254,-0.0634577131184335,0.578556341176721,0.115423315809081,0.505997534478543,0.314312020601703,0.444459638485545,-0.00384474399746066,-0.0818168693909864,-0.0920006612575035,0.00335236354990701,0.0268431032530706,0.025454845199744
0,1,1.12099395732075,1.00605432412147,-0.341296477770585,0.551308112380941,-0.0682027414753724,0.611990881097558,0.0848649311185529,0.486293614821998,0.392699923074565,0.740289280318784,-0.0893105682810399,-0.0598585146420999,-0.181041204404213,-0.0121848145409651,0.0338472709856324,-0.00850166313289308
0,1,1.02591702404682,0.954822590268551,-0.285562965845871,0.537948696557084,-0.0895574813105494,0.561906060270288,0.0855751438001627,0.459878196033335,0.343057742521542,0.277580723833283,0.0209728211504109,-0.113226920806632,-0.0738662316292116,0.0100928622517562,0.0640256695823621,0.0314708518850638
0,1,1.11747633579396,1.04583040742509,-0.247554868561542,0.598618690632372,-0.0471304834879272,0.357625034582006,0.122364671355734,0.0795452394363238,0.156282874813231,0.302233705279955,0.0275166885528455,-0.0016538071201161,-0.0525245872128445,0.0388192256418706,0.134688029988456,-0.0112531500175157
0,1,1.17312988452575,1.07367303624909,-0.255899504064044,0.632168683310609,-0.041324834189305,0.374665751018782,0.10985162902332,-0.00429200211180657,0.316716187135316,0.590646271431386,-0.0644607694578692,-0.0328810819718836,-0.157611126056202,0.0236635846713198,0.148525974402243,0.00133852675839122
0,1,1.16368122142857,1.05395548390094,-0.254289765372759,0.566543171654691,-0.0177412516413231,0.378878438820921,0.109969818154018,0.112505189953742,0.126170139363351,0.691505158334969,-0.0659467882674633,0.0919934341597302,-0.132759958615423,0.0172746790274011,0.12677129582702,-0.0235963321936768
0,1,1.15552301787315,1.04655519072515,-0.2243116296506,0.611460365433699,-0.0343341360421811,0.380930647642889,0.09903444967658,0.0320125367267355,0.277228866162717,0.830768063801545,-0.0955730541877722,-0.0574950697516338,-0.18073843804597,0.0105074097273845,0.16669660802886,-0.0130411861647499
0,1,1.1335082792774,1.08070978150062,-0.227630803710909,0.669846886465668,-0.0703615700996117,0.353429809912042,0.0568301447988271,-0.0693962465625298,0.36875211441793,0.0273002318880663,0.0880348184432247,-0.271180141255023,-0.0405171176287956,0.058800854241444,0.164933692218861,0.00405805453592799
0,1,1.14373563356509,1.06205378735581,-0.248225229847451,0.708087736493968,-0.0780299144281123,0.392780894008655,0.0521773772451282,-0.090734689246632,0.508405041902937,0.431891392187126,-0.0301756953004712,-0.261025021792267,-0.161418803632173,0.0321728460806006,0.170754493497179,-0.0141731297463694
0,1,0.9869291099107,0.935586706643137,-0.215963482775845,0.67556763626508,-0.113553930878947,0.37420230681726,0.0366172732078558,0.0426253571210691,0.315380766054677,0.345820225585833,0.0679631950112989,-0.42114303282303,-0.0377870885842608,0.0173757628696806,0.0454580903192917,0.0318442115781219
0,1,-0.866784494432287,1.05384350664867,-0.0634853459796774,0.400838873760012,-0.218205515431636,0.229080266795813,0.131359384410446,0.168588305683146,0.351995090549554,0.502437725880345,0.0516960199068551,-0.19778602996189,-0.266122335698211,0.0222727401217006,0.0783153933646559,0.0217187148976493
0,1,-0.822640042295352,0.970332248847387,-0.0797601904790047,0.498231440767945,-0.198104286339351,0.443452779130515,0.169943924296937,0.282855467257981,0.438384893148621,0.474469808301629,0.0327341430020093,-0.19191187212668,-0.0996199439186171,0.00628940128588141,0.0938118441747919,0.0157140560587352
0,1,-0.594487911531054,0.698173357703474,-0.0433313752091922,0.451981177134537,-0.150074372561927,0.320396265690835,0.162578859147163,0.12506839934236,0.374554381541708,0.500101397841106,-0.00944281638807317,-0.203786379466859,-0.122479153005289,0.0657077765304792,0.0757834064936254,0.0176596927872648
0,1,-0.816008120531502,0.975836756845332,-0.0504968657845531,0.468602626738076,-0.197827887585054,0.281642689176676,0.171632774100295,0.104050582334495,0.364357517856988,0.51542325836067,0.0189252163869289,-0.203815430736141,-0.128643026788167,0.0288119333809651,0.078899228380054,0.0188501186621321
0,1,-0.7720419799893,0.933870978127135,-0.0365110556437501,0.61731983215717,-0.244886173716128,0.268082430609725,0.294713034799611,0.0335830097916764,0.294167189644595,0.552540636537804,0.0329184080531435,-0.229780448230911,-0.0919796395177563,0.0175024827158542,0.0866460383865992,0.0209463304003999
0,1,-0.808986353600138,0.951579656400487,-0.0545321442354891,0.51477664398484,-0.173867632387907,0.354812891292859,0.199021551081326,0.134860533978978,0.365663121513627,0.527517258116355,0.0346400968348393,-0.186741479867499,-0.0772375017953503,0.0273524159237586,0.0843628416715973,0.0203215039032628
0,1,-0.87983940566031,0.975577941698323,-0.0501737598258634,0.384163919405086,0.0198180585416923,0.500546429445412,0.164220047399154,0.0890856090552525,0.287885577453638,0.487825820443677,-0.0643311478027826,-0.151765537413069,-0.0886398090858287,0.0385430172051385,0.0693496278482653,0.0228175804727782
0,1,-0.99592577326002,1.08581087997535,-0.0629210772679668,0.375773232112558,0.0375612371406691,0.733944530654626,0.194247525466075,0.0781419323889411,0.302379824765475,0.463999444469915,-0.0932386155919221,-0.183444859392114,-0.104633020257311,-0.0261187284649289,0.0785895087220802,0.0249135555210386
0,1,-1.00706540973541,1.08428766836194,-0.049481716111882,0.349589143838524,0.0781234914821447,0.675501754472023,0.192918960772919,-0.0209982358915567,0.244600865990152,0.49291817587631,-0.088482690064823,-0.164711720680633,-0.104299325072625,-0.0733152048954269,0.0690728674119982,0.0183805882695743
0,1,-0.98544243969837,1.09657254947965,-0.0434922491849565,0.438840501459131,0.059537246957096,0.46264804735564,0.13631044606758,0.0805243969119228,0.35661049905064,0.517468572343177,-0.027251095145544,-0.15741221089829,-0.0600824701900352,-0.0314300530287151,0.0730798130746883,0.0197831880715009
0,1,-1.0104804148565,1.09876983361329,-0.0550513782716092,0.350066639796795,0.0896179578723718,0.633554740966576,0.114945974776334,0.0465986306345414,0.374252248300408,0.476693336721651,-0.0649204945331803,-0.180428754292333,-0.0914003155639136,-0.0583739267926266,0.0770996141606022,0.0197725234517305
0,1,-0.853835331788688,1.03861300313986,-0.0659242424851358,0.669565973509236,-0.278742539714666,0.370041420420465,0.32671216166957,0.23758742974629,0.310559355732109,0.620932197624509,0.0128897089085348,-0.204388859534135,-0.136629590028668,0.0108716472279804,0.0938941379460971,0.0208186817944455
0,1,-0.86896988946342,1.05022563776308,-0.0555776014732615,0.573032715990754,-0.258362348139274,0.354396273585331,0.282776517798401,0.117318978912354,0.291990215218463,0.521673020611061,-0.0146259847615156,-0.241052643484676,-0.171690638672568,0.00338545064246874,0.0872934834788699,0.0216681554497154
0,1,-0.882557046673085,1.05861684508565,-0.0584392824278564,0.484875697717581,-0.234903072558125,0.356300993410526,0.218065095688551,0.0931325363713118,0.337443424807209,0.516751739479048,-0.0260337319959955,-0.251765545106162,-0.211293447306891,-0.00561402503361047,0.0855471151246652,0.0191916843458816
0,1,-0.9454205516398,1.05980125512011,-0.0544166894341047,0.653859720784859,-0.0108923472439846,0.542909536846917,0.293961140128348,0.196654419610949,0.285170091769032,0.444995068731633,-0.0933699371536672,-0.239730670167441,-0.1240752785976,-0.0269620588407189,0.0952932253200641,0.0185114614192119
0,1,-0.807720908010124,0.986679027980824,-0.0536954450190861,0.555876874427272,-0.238344450087779,0.27783424945511,0.243435147684615,0.161657966669731,0.306373217642726,0.529129184151946,-0.00448850536230885,-0.210909323170168,-0.148071804245587,0.0473639903579229,0.0832762952151473,0.02461818092664
0,1,-0.744312463836762,0.908217841321123,-0.0694865931220829,0.526269338157326,-0.249625196183229,0.325479780663497,0.198200789087375,0.266960729759325,0.387386157948168,0.480726231434401,-0.00474142833098864,-0.211494114689813,-0.133124015721884,0.0767789436974953,0.0889287569889964,0.0206880284906734
0,1,0.988276704144908,0.903656617603443,-0.115323156155432,0.585940365697255,-0.0796999132104496,0.385979358300703,0.0953350841718351,0.112197143433406,0.307502105750279,0.815859446689509,-0.0559625346931121,-0.278888430746939,-0.134503541320075,-0.0115477026065808,0.0740901134824095,0.0179678869442597
0,1,0.999281613860464,0.934153674026166,-0.115591990319793,0.631178258910244,-0.0958239679282039,0.368768818662027,0.0800687340383088,0.0110780897026749,0.413761405918215,0.486738948410136,0.00254889502123079,-0.368725467022957,-0.103134810047314,0.0116267568345503,0.0879395302705214,0.010953138250925
0,1,1.05500752992154,0.971469945363521,-0.105667070580115,0.615765084240147,-0.0796342331019594,0.388288482830277,0.0744326610577457,0.0546891202895407,0.356535938408028,0.645334765755946,-0.024361506913993,-0.312936256086583,-0.121934635751226,0.00511892465428472,0.112217821506651,-0.00101796384003587
0,1,1.02454223279352,0.950830912162763,-0.104957482694978,0.62726809002065,-0.090427580059837,0.379481544196171,0.0685628737227649,0.0295120621752929,0.38669827709291,0.561250505038314,-0.00890466121523047,-0.35040673934433,-0.111911158432054,0.00888678066266668,0.112588935410156,9.5904544639607e-05
0,1,1.03671854281002,0.960959463375394,-0.101330316221908,0.625099918023639,-0.0871186418381067,0.381633374636703,0.071976583809376,0.030819970153102,0.390462233703936,0.573454600585699,-0.0100796178649516,-0.354046926392558,-0.113873322852527,0.00854779596759637,0.108735283175508,0.00323821839671817
0,1,1.04574061738289,0.971828039347406,-0.117342474863723,0.616550533783434,-0.0796092487075322,0.378449822027714,0.0584019022504307,0.0430092676064659,0.348253511405225,0.525788477046787,0.0212121102055772,-0.395144363218775,-0.0843085750833927,0.0131108627275636,0.0775189716540996,-0.008686118370503
0,1,-0.918975961398193,1.0471179757132,-0.0539941195376679,0.367326354332016,-0.0866159450107404,0.33321561801986,0.13407803931998,0.0806916039780484,0.302505219552882,0.604044099572292,0.0011909825144606,-0.145066761324008,-0.196425828058935,0.0169165165707653,0.0668253791202451,0.0133412887455697
0,1,-0.865880769553971,0.997585683099477,-0.0436397649840773,0.335336845075455,-0.0711514301529483,0.219362538453633,0.0908754820494423,0.0626865667324194,0.309084632504758,0.609629905256125,-0.0135006663528295,-0.139378076651321,-0.197650489659173,0.0535220509624021,0.0594006257972768,0.014941148531269
0,1,-0.889920692466424,1.03026375371652,-0.0561577890278955,0.387475568032737,-0.117168052659204,0.294731072981488,0.144607091874216,0.118116371185705,0.295749086471006,0.593124935295547,-0.0129213363107531,-0.159015722096376,-0.230858752610751,0.00893894522498507,0.0684416434269976,0.0116753570799764
0,1,-0.902355133279913,1.03563808007873,-0.0630053342700203,0.44577284933076,-0.136534495773641,0.384751280994036,0.187113385649449,0.145182918865413,0.306261576407763,0.598661599850396,-0.00233234425274775,-0.156562965692917,-0.169810751062571,0.0198934899970677,0.0760319107332081,0.0132850174098885
0,1,-0.925311049786854,1.06881146135894,-0.0626141963787669,0.464784020161079,-0.142230363123792,0.353051535378682,0.190824849586161,0.153255604479286,0.305184073396221,0.603085945900873,0.0139944860904849,-0.155853659087386,-0.180294602444791,0.00274407929392896,0.0770579882443089,0.0121864533889751
0,1,1.11338748337329,1.09033691200614,-0.122073256101248,0.648776187106535,-0.0832195746217873,0.307111574322883,0.622504374073751,-0.0201644778514836,0.67296946491499,0.367215105546457,-0.0156232813461385,-0.213136838731615,-0.0959245376951437,0.0282948473130863,0.102569915155372,0.0183988008169085
0,1,1.10899239339808,1.08172390021881,-0.0799360418195929,0.647736607820063,-0.0847491038146816,0.323768709592549,0.573754223535421,-0.00362561422989809,0.681606094341026,0.497594933536169,-0.00615410282190227,-0.370386689248797,-0.0950212436347618,0.0174201009734716,0.0943152992105995,0.0405281555239852
0,1,1.11781654297733,1.08452541579942,-0.129484593225294,0.57016611855385,-0.0503503872705661,0.305034314413207,0.650036621467098,0.110624941438482,0.460674629876748,0.512591054251591,-0.0112676300292323,-0.108169101120435,-0.0592178471899071,0.0194190686562392,0.0660231315287837,0.0113037737895069
0,1,1.14305908100121,1.09559436670693,-0.0674909319318361,0.623853291359132,-0.0712677538145081,0.342406308826179,0.598791164774044,0.0603296064394968,0.608631885877234,0.722267626213534,-0.0693071392357095,-0.206044379661681,-0.136574850724124,0.00613093404148667,0.108125549218478,0.0151220558970275
0,1,1.09490730269024,1.06476023536583,-0.102623411861693,0.567911881250907,-0.0564032139103162,0.306240361820756,0.626645645429255,0.120011157683266,0.447889633812023,0.527450598010664,-0.000977563729651183,-0.160377762728825,-0.0496372030789794,0.0145797875553055,0.0843732271152381,0.0431149654917266
0,1,-0.852365658112406,1.01097690993152,-0.0359414466020474,0.474813018490624,-0.15116369119201,0.260809132490977,0.169672206822397,0.00207037137123448,0.352392807657548,0.550592905783975,0.05092804905546,-0.18832558594265,-0.0694062840109628,0.0296881002245193,0.0762557267298762,0.027788285510474
0,1,-0.859454610181899,1.00914123246463,-0.0540521342351239,0.38091372286485,-0.125437410946201,0.332084363240353,0.0788164595074036,0.0821099144882633,0.458420579514437,0.532510976457967,0.0303338321481529,-0.170172527538586,-0.0305882154444191,-0.0184048819652673,0.0775643020893451,0.0184377688505377
0,1,-0.899276069424209,1.09679939502649,-0.064145431758683,0.600501282283869,-0.275032076109717,0.317251442772276,0.260015199012079,0.177970447092547,0.344669101687841,0.536066109988849,0.0827595992715934,-0.214367788650554,-0.152412991669712,-0.00513870202923735,0.0950713016271482,0.0256392210573854
0,1,-0.864011217983669,1.03145330507187,-0.0597316418546378,0.45499205235585,-0.184380703300576,0.334891251782459,0.136210209003587,0.138182480277824,0.427829867969417,0.560444357033394,0.0466174209406622,-0.168546650444215,-0.0564433322509511,-0.02517059791911,0.0815236027929292,0.0192574552285047
0,1,-0.856069835725929,1.02095271618559,-0.0682055530411414,0.401954819548847,-0.1823389881016,0.33603667326642,0.0972282541836125,0.182012009369257,0.446538829885814,0.479113615059439,0.0479946656017861,-0.169357761345343,-0.0650716837081091,-0.00904575080419827,0.0816423676554522,0.017761760434058
0,1,-0.831026114943354,1.00884886174666,-0.0543455725272483,0.469353927982354,-0.150451541593571,0.249285302844477,0.145949699724039,0.209985031371937,0.349303139265935,0.502863342165224,0.0189504448072668,-0.162126969550917,-0.132459152589038,0.0194404077759344,0.0740998502085948,0.0262579078191347
0,1,-0.818939873058633,1.0153421028564,-0.0694676447178159,0.516791120910855,-0.202572307502435,0.305548343095914,0.153517192298395,0.298105267746743,0.425194664465114,0.496517955198008,0.0216905542651762,-0.184028047841377,-0.104236012592403,-0.00856010750135338,0.0878003170536189,0.0279470284646393
0,1,-0.849484404525486,1.04164966317281,-0.060802438949615,0.498516569523452,-0.167584898184666,0.280837958382114,0.152723436784241,0.233769238544997,0.40613450203203,0.515744739642409,0.0297767353647959,-0.182478315997137,-0.113913067540676,-0.0215698348967936,0.0847972021906851,0.0266687507992027
0,1,-0.861957896368485,1.05736014711079,-0.0401749151468862,0.598786564435749,-0.19589545583929,0.259236168518994,0.249633171711864,0.0947138298346254,0.314638398176947,0.547620177493711,0.0258761326292319,-0.203920060194614,-0.0814343000046268,0.0164594922535044,0.0855308461526169,0.0333767282298161
0,1,-0.82679312931524,1.02843064396251,-0.0504603136446896,0.666623891572231,-0.256166170702306,0.257690971904609,0.275622024408804,0.188858105398132,0.361076491910583,0.514512109607385,0.033925025550048,-0.234792141072302,-0.091550453606378,0.0356833379830267,0.094056818015929,0.0294319119220349
0,1,-0.81646617748728,1.00294559659533,-0.0420593108311385,0.474316742410788,-0.14054103177109,0.220792387383291,0.167777618695226,0.14582122003251,0.303472292634974,0.542001788557585,0.0189284457731562,-0.141847452247975,-0.105037941422512,0.0156876024915839,0.0658561007205957,0.032895479183693
0,1,-0.798647426041916,0.964687458593365,-0.0516020454012603,0.43306470885464,-0.137719951871007,0.253272341176276,0.145096646361995,0.17098269123949,0.335057778894615,0.500546974690897,0.0203336894343747,-0.153468451319827,-0.112619920920652,0.0536554016795494,0.0722412672236737,0.0282985403339538
0,1,1.05355506805018,0.998388588490444,-0.215916828611667,0.693898129863862,-0.0999259644084704,0.343900718218292,0.211529132673862,-0.0914215187194586,0.515199259196029,0.284376586780469,-0.0652203787797192,0.00487029899643812,-0.165689700696277,0.0322800591066011,0.0557329294025033,0.0546309882549795
0,1,1.01492736257073,0.954353532613131,-0.230936712960747,0.672276712559718,-0.0922550767437504,0.357882815568317,0.114282095240534,-0.0635894493937158,0.482507761281865,0.389217930366639,-0.0330679682205352,-0.18852187045668,-0.147965141866624,0.0266997916906831,0.0652848172983454,0.0149801994218655
0,1,1.07898493853495,1.015129169092,-0.270953601177394,0.659694917667324,-0.0762458221915502,0.348734038903807,0.180159738741558,-0.0384652182471645,0.408077966333016,0.280526179555433,-0.0442012567930073,0.0255654065080039,-0.13650492579137,0.033893302373495,0.0429252131569981,0.0582248245427078
0,1,1.07707273621135,1.0086036843205,-0.237897917272791,0.683667569449526,-0.0828779246217499,0.361601194522215,0.16780268533303,-0.0734950533831842,0.504594751707731,0.431636575417322,-0.0735707540000416,-0.0645220399079238,-0.180011928499684,0.0257795144687262,0.0590432755081786,0.0510961179897898
0,1,1.17216874909702,1.09615425679954,-0.303688225113926,0.717797305895093,-0.069263050788766,0.378459158565543,0.127970517209414,-0.100083684741176,0.492817770443453,0.36390706159529,-0.0488079490445441,-0.0622100588844356,-0.17475341463489,0.0464523296583196,0.0451896297053683,-0.0362512048950284
0,1,0.98133055156682,0.93002780909576,-0.183492959318954,0.627482157509114,-0.0877079075306006,0.358951401903528,0.148673017254191,0.0326598470886217,0.380926350491684,0.457819364776925,-0.0215123723511306,-0.175573970593265,-0.115532957130307,0.0170648581006488,0.028632796388273,0.0751538001682884
0,1,-0.928158280353814,0.993047908999902,-0.0141263845016459,0.775113210657136,0.243901959293961,0.423698650332325,0.296845534460862,0.174560952240234,0.250789233160303,0.466493779947098,-0.0820967942777003,-0.242979981125074,-0.196483723312301,0.0242044746670053,0.090023335130412,0.0245140039409415
0,1,-0.851784325839653,0.923582859339551,-0.0147415915729747,0.765860255651269,0.188698274050399,0.447928180578371,0.308536910717908,0.181874274464208,0.264822466764573,0.467856302215303,-0.0813791125498212,-0.23862991479756,-0.15318287040304,0.0281633899655586,0.0875377228454562,0.0280514336715398
0,1,-0.871225077884064,0.925938498868135,-0.0120647227909113,0.820134289159536,0.203196491536977,0.469634263137545,0.337785079111486,0.1376349487546,0.256628379515689,0.482476986701596,-0.0795011840263734,-0.254603923890807,-0.13375132516254,0.0198858480403243,0.0955883548745633,0.0241408232689779
0,1,-0.704709224336108,0.728650625942112,-0.0166500784000399,0.70547043175145,0.127075981748575,0.584491286444017,0.322253679772691,0.0779661075675736,0.274009991388432,0.489383455289418,-0.0618929617411576,-0.208049536628955,0.0057184034757106,0.0239244917541962,0.0861567101266599,0.023559002632733
0,1,-0.84226629161076,0.892895294999284,-0.00421208359454523,0.776129346522589,0.19658683418073,0.482958027799424,0.352608909869163,0.0653011009826456,0.209146520605713,0.508835219966566,-0.0642967932468281,-0.227895237416391,-0.108852724406486,0.013746024751272,0.0856882781666536,0.0280123974494687
0,1,-0.937102942761396,0.9893237928596,-0.0242157427887463,0.809483345317221,0.222372496105415,0.524169729487977,0.33719250693386,0.19707281619869,0.241562892710577,0.458419599207788,-0.0642529172448881,-0.231622982844035,-0.146234127573519,-0.00166030837367478,0.0965445508023137,0.0213146855506628
0,1,-0.892195369359154,1.05987685322738,-0.0429595845583366,0.698856303599189,-0.192960749555952,0.371842189020183,0.327310128071289,0.141338750898729,0.302626839685187,0.545443130618911,0.0343907016152301,-0.184536306718275,0.011543275431823,-0.038305723187744,0.0865970912174114,0.0170004400670711
0,1,-0.849842936693921,1.02459801036973,-0.0662479439379334,0.496002746738971,-0.141308657165431,0.365009978922984,0.150498594779911,0.309396800200326,0.399096986257657,0.464159765268905,-0.0205414137691132,-0.167997825486474,-0.0907685102125033,0.0199561251265992,0.0825208109355004,0.0238751260755427
0,1,-0.895889642252884,1.053294152554,-0.0130767281234207,0.482405008501641,-0.046225618513962,0.21439526013602,0.151718689683239,-0.0598087110038842,0.342046571041475,0.573480353051606,-0.00160985823689311,-0.170762353668959,-0.00972677094322809,-0.00122128711949981,0.0640665924177842,0.0252749267205579
0,1,-0.859068532121732,0.983415367083556,-0.107765145144278,0.38112340466045,-0.0792218550260112,0.662577523480581,0.0512497934750804,0.495545104709231,0.569391584659622,0.421684416443467,-0.01981047417213,-0.144254495713285,-0.0680937861904492,-0.0639526457943657,0.0911858957586411,0.0100266897840095
0,1,-1.00129377811579,1.17132870444088,-0.0430232018849511,0.644342546391143,-0.140330397869645,0.471981488919822,0.302113615399605,0.0453990077024655,0.312841394559138,0.548087893229115,-0.00362527709568689,-0.186881406881216,0.0706916387065906,-0.0611389424873939,0.0903527588042224,0.0240776276827447
0,1,-0.937512739604905,1.07835993102053,-0.0284252462185019,0.470164684959921,-0.0359624622890359,0.406530771200975,0.153357933599303,-0.018854631991856,0.408079966425168,0.526947521197926,-0.0230844730431027,-0.19909114323375,0.0132781834534355,-0.0298451571295267,0.0763179206235714,0.0223104833392321
0,1,-0.0152947456066778,0.0708135832763311,-0.0201387184730332,0.500792053180564,-0.232015734752226,0.23428909329082,0.20735033594457,0.144892946774421,0.380150245737121,0.61704825582457,-0.107385574020367,-0.224891816137828,-0.111930907128767,-0.0435677813079037,0.0683426455997414,0.00258239880231305
0,1,-0.0198676242032989,0.080228322232827,-0.0216588380411724,0.506916673325645,-0.240270504101063,0.242368828691719,0.213351437358224,0.168937231027754,0.365321960746434,0.510393738790556,-0.0805277942698002,-0.223900441871401,-0.0847476719828071,-0.035209534825282,0.0684290077900145,0.00530814028893361
0,1,-0.0215774084826483,0.0819336537793352,-0.0389290025882024,0.508207648587001,-0.258486754155424,0.297546682476302,0.208345874175093,0.267295570360817,0.396488186141981,0.479461826162511,-0.0806488823487924,-0.220141411660193,-0.0839687226791809,-0.0377656896935127,0.0751838159372725,0.00203639359507155
0,1,-0.0228323668748441,0.0841876342517615,-0.00925148373680174,0.481491354163011,-0.211903818115122,0.203160320449143,0.210555888443783,0.0923708391751079,0.324483942382028,0.509846300905018,-0.0811187198442408,-0.217034084540298,-0.0785887195536173,-0.0272003036242515,0.0615181339298528,0.0107435236846985
0,1,-0.0287756957350934,0.0868519545073791,-0.0338115283631664,0.529477958763462,-0.249060142522728,0.30018433918277,0.213798659802975,0.250455147209002,0.401934122639209,0.481696295445468,-0.0750287784841617,-0.228316412343686,-0.083016271791166,-0.0344459777767842,0.0753134611398288,0.0035033147408446
0,1,1.0871344325602,0.91600511898081,0.00923715423051934,-0.203732877059817,0.308258649106178,0.210775306186337,0.373381963804937,0.157052501457111,0.430428931209544,0.639465978050872,-0.0491613632752948,-0.228436272609549,-0.13480986780715,0.0170523819711868,0.10107375054946,0.0329074826371497
0,1,1.05751096116755,0.9043495290939,2.73335375428226e-05,-0.218218151931234,0.307101064656274,0.187497568447791,0.356209314286541,0.174179426195938,0.32036483238067,0.40086220554309,0.0217413922820134,-0.223452892865954,-0.0595874934425535,0.0317789826580905,0.0738901439520062,0.022372116326042
0,1,1.08343469861701,0.910126528045141,0.00368965622496461,-0.157129787201341,0.285206718114553,0.225397257259642,0.305967924189517,0.141767775912179,0.403144464408771,0.6232457206378,-0.0628756063755251,-0.167182856198792,-0.149308117220804,0.0166891937875146,0.101415281507204,0.0362494363993168
0,1,1.06017963575457,0.90889584797298,0.030174766496771,-0.252658033593455,0.315923452478434,0.18372596981394,0.335942284101795,0.245403725577914,0.150048910910157,0.349456727724494,0.056314814962169,-0.151815472693289,-0.00820044551743015,0.0344484545449432,0.0772157584599253,0.0277689001976955
0,1,1.0870046447074,0.914874248492203,0.000173082722392201,-0.186759664302475,0.296698648865359,0.221388032580245,0.275410154698911,0.205195210031381,0.240696988822905,0.573164632637877,-0.0191752681876014,-0.140276617600472,-0.0934406752060457,0.0217289711954077,0.090435765242274,0.0123603913791043
0,1,1.0550496257243,1.04066666661117,0.95682819580662,0.626232770728454,-0.179395200473626,0.44941116170838,0.114798947788947,0.0923838369692683,0.476453511858158,0.54721598618588,-0.0419954609825251,-0.26680846135349,-0.145256759930658,0.0119186412698807,0.0304818624217791,0.0259520461595863
0,1,1.03993973828234,1.02973752988555,0.941318349556901,0.586866299651769,-0.164617011488828,0.431243014799481,0.169210458480212,0.154513564594316,0.332148085766983,0.494681709629193,-0.0346722387650849,-0.0775048159789249,-0.113975994088434,0.0157090392834654,0.0572616763246805,0.0080807177169807
0,1,1.02303582628857,1.03154147238647,0.974662655522401,0.617169363783313,-0.183438348742731,0.435053783139912,0.184584861151333,0.191446483058392,0.295909747075883,0.456450629957729,0.0112437431885546,-0.182517065496813,-0.063633777925278,0.0127695154852449,0.0705629177731297,0.0441978040385224
0,1,0.430841517019296,0.474708495756846,0.407483354787931,0.560116211643311,-0.232471444698774,0.300551832219144,0.257450070057196,0.191584075678046,0.286312896003898,0.595611511166202,-0.0815743683298794,-0.069604482278942,-0.0938781978892971,-0.0429771623594724,0.265866218001525,0.246105963168809
0,1,1.09386995671102,1.06837386788697,1.05446855842702,0.60542792266149,-0.178309825134194,0.461179697782107,0.13222166056369,0.136132986898085,0.418263141582433,0.629611933262308,-0.0631075816284091,-0.178894195041626,-0.151685946735562,0.00774336316790004,0.11565911983267,-0.0129251712191841
0,1,1.08495332814211,1.07546205877312,1.00017838537816,0.638413450528148,-0.180671640100756,0.45025679217768,0.132835841166804,0.103068948026888,0.436729742151494,0.439290301200467,-0.0067850309460984,-0.246685142173011,-0.112079599780548,0.0181105867668822,0.0928218295664925,0.00643646632614287
0,1,-0.885027178036017,0.955015023907578,0.01881269155693,0.746008466236753,0.364878873543035,0.112697175556752,0.0313899477230871,0.0651711428907552,0.611147320826779,0.545142219095622,-0.122012498229415,-0.290193202473311,0.020861721686397,0.0397530028249624,0.0952652184762163,0.0176234157943955
0,1,-0.867491378745141,0.956519116768088,0.00461706210428684,0.769312630202999,0.366017876849877,0.146603504273663,0.119881280503602,0.298486140053009,0.426128553946172,0.567354514994461,-0.13417937243383,-0.161693460895601,0.00268671096240993,0.0369414027686789,0.0736150695314056,0.0210374844488127
0,1,-0.878766645175676,0.968998911500633,0.0225642902125862,0.87125185737333,0.347762716168395,0.155068287351476,0.219008447466913,0.209044905675673,0.359855603628666,0.630272120364786,-0.0999697342291143,-0.163461952029154,0.0143906584994037,0.0132904732677923,0.0704449956157928,0.0214504804214956
0,1,-0.752785355910559,0.903682332925423,-0.0173471226208681,0.542534233729045,-0.0316018282850881,0.204176751421556,0.193717812908742,0.124049717681653,0.305123288970297,0.532299305213679,-0.0677850053255643,-0.198620593435604,-0.146782951294151,0.0271859435656513,0.0627590752166821,0.0264427056889694
0,1,-0.823236047939833,0.992140031368655,-0.027977315853461,0.628031553167817,-0.0063552894873406,0.230711634594467,0.218402379311213,0.212719675649591,0.328414135500698,0.550795206695796,-0.0867537279007512,-0.208296647019373,-0.132791545049148,0.0224661977692834,0.0769284994926906,0.0315831402252847
0,1,-0.795119743408214,0.93038390308212,-0.0428529825357528,0.239547812831484,-0.0383403433632085,0.202501469667809,-0.0196636636045139,0.0778161270542666,0.42908989728914,0.536153705131774,-0.0587062607322859,-0.174898971418367,-0.195098636120029,0.0321885016564755,0.0580110615195593,0.016445001353107
0,1,-0.806879190808948,0.922092227016338,-0.0589037915090473,0.18499340276937,-0.0119757211663364,0.338416227206833,-0.0538674055757219,0.157383481231722,0.475629731421564,0.456352850692083,-0.0515380229114186,-0.148397803286296,-0.133794059813426,0.0259165444709259,0.0580391553561676,0.0133305827862569
0,1,-0.821898919361662,0.957207376852275,-0.0513790301588336,0.330019019970957,-0.074813602724945,0.298210493825093,0.0508906549658552,0.138020879829729,0.419342530630438,0.481375590316115,-0.0351553309489533,-0.180056224794545,-0.147737307103876,0.0172922953712756,0.0663188303257786,0.0140848170529696
0,1,-0.751410313071716,0.875783232743446,-0.0404410213057881,0.262588266739825,-0.0431413584887368,0.230126365365022,0.0146640265581621,0.0957665357765429,0.394397693116814,0.468757256219939,-0.0457376656506128,-0.174008984706479,-0.186168766472399,0.0442464017035587,0.0558528822276623,0.016155426916706
0,1,0.966702184454422,0.903638059773141,-0.108114421754296,0.534715436998832,-0.0573765729341557,0.34827639601632,0.0852927663244924,0.123324372775573,0.179225889547998,0.535314754207792,0.0232466805455489,-0.245941128733029,-0.0529708365778689,0.00989131123897585,0.0861355720112913,0.0483630467451635
0,1,0.988249132099413,0.923514766260885,-0.10032728221068,0.524049200880332,-0.0488824815164515,0.353337576704948,0.0697572430395331,0.145772361895469,0.138691093266813,0.480760281735999,0.0527420939759991,-0.276295880087239,-0.0253207302733849,0.0150307327614608,0.0802755845444493,0.00927013654319067
0,1,0.95918543680956,0.89215579799638,-0.125186330811925,0.51843000645414,-0.0524582056080069,0.349484787320444,0.113274920020567,0.170436836098423,0.119209349384183,0.594344857065023,0.0121307527908611,-0.176814107149852,-0.049141097997933,0.00623063075957167,0.0484527082537287,0.00489865509062149
0,1,0.964703992177922,0.895837542120693,-0.126761925317194,0.530231804262898,-0.0565415947236295,0.356386393296509,0.100974366818502,0.171513912800929,0.124322617320084,0.647063052688152,0.0129913638596934,-0.22178200438007,-0.051403990095301,0.00280719352143575,0.0525637295531014,0.00951647894304299
0,1,0.941297856989945,0.887524024860098,-0.122419088489277,0.588208021209422,-0.086311343475141,0.348405118103585,0.118927102400388,0.0791360017646636,0.274594661792169,0.488239083758476,-0.000333792551138767,-0.213933663489818,-0.0782335084518973,0.00920283062544946,0.0845491356962176,0.0479686044068453
0,1,0.996330982004499,0.931211543326669,-0.158262771833026,0.568674776742908,-0.0644923856129071,0.350254148547864,0.120604059600451,0.0995950170734671,0.21133406583446,0.47674111325689,0.00893955173221916,-0.154768189880568,-0.0671858259181623,0.0158125566335073,0.0604367503914077,0.0113859667895373
0,1,-0.793547069895824,0.9462889917282,-0.0658418191197391,0.470339671094654,-0.241786928357121,0.425905165190132,0.252487259121738,0.149340229022928,0.277800940894371,0.518428190017512,-0.0351612919627244,-0.231591761554934,-0.257274970770191,0.0108758925373952,0.0825802251481327,0.0197569255312595
0,1,-0.778775273312123,0.911212663848046,-0.041265341267243,0.313688000051977,-0.137966423958885,0.349187650242532,0.162314016521635,-0.0127796204109291,0.2559880214226,0.494754061410782,-0.0486493627916025,-0.224058390327181,-0.296169434319521,0.0120594301752076,0.0622566425333158,0.0216722572543688
0,1,-0.850927408009248,1.03085638800958,-0.0495497243689922,0.419957173913104,-0.204822432243837,0.285397760713497,0.204424066529258,0.0644679965287191,0.249902602312837,0.494884653208646,-0.0304216665974382,-0.202111278502765,-0.199813897426664,-0.0105014098887276,0.070528580734594,0.0213546711820974
0,1,-0.780113153174643,0.920728723387904,-0.0540898439385491,0.467234320386773,-0.219220261225338,0.400477401627778,0.269330542936321,0.0746525131578488,0.220152733729562,0.433244639686198,-0.0138380459706555,-0.223255695818087,-0.199768277178327,0.0385016456523863,0.0780092326472673,0.0221386998913859
0,1,-0.718146785527928,1.01491248566268,-0.0275961037963844,0.237819724307043,-0.0885832116486824,0.243184353068994,0.541165997822463,0.0610360852592796,0.341150104275755,0.481368224727732,0.0017219418345492,-0.251690151549662,-0.248072028086297,0.0203176322422487,0.0311002921288586,0.00725409905981959
0,1,-0.752358121584376,0.904351686610094,-0.0469528911195872,0.578313846231021,-0.170192053136651,0.156990276205366,0.167531305728355,0.214493107230041,0.383427689096829,0.664384883434666,0.0446046702678946,-0.0874698645488709,0.0931057852152361,0.0685731557289932,0.074833149500604,0.0147810886093263
0,1,-0.737577905299142,0.889058670789493,-0.0288447147504917,0.528321412086557,-0.155540549785739,0.0895728001931,0.166088400355068,0.0777482728133646,0.323662251084954,0.677892992698575,0.0272282295076458,-0.095039954912805,0.0696348733877709,0.0607828202282016,0.0645629926226762,0.0163959351840632
0,1,-0.691234760824668,0.81887654134211,-0.0468834943620802,0.422679267294399,-0.123942215911352,0.171014494277639,0.0875201311022624,0.188887332627441,0.387240032282669,0.633433850116418,-0.00388903032670133,-0.0911330272571563,0.00825735166309178,0.107195312046479,0.0631829153790108,0.0154094714315832
0,1,-0.663342610947838,0.794691026995942,-0.0432484265896982,0.47439786083751,-0.157170225522077,0.166235916434,0.128867265539943,0.172282069385151,0.368703352782533,0.64394101809236,-0.0140465277521287,-0.0984706208210839,0.0509205128830394,0.125914662082119,0.0655795726570497,0.0177272700800992
0,1,-0.711702414285929,0.857429678912024,-0.0503506715260617,0.534868821411414,-0.172875781799579,0.167425417623509,0.139640700629854,0.23138208868234,0.401511921234537,0.654084689915336,0.017771066832669,-0.0858851036305925,0.0990362909382896,0.095178330510144,0.0725163318462377,0.0152566253425603
0,1,0.079106692521709,0.142551811949401,-0.0166561593275098,0.540524034987223,-0.23067277224219,0.0862407029397364,0.243170779972403,-0.0978838408812824,0.28050915734125,0.488814190193968,-0.0766015110971763,-0.184687123493125,-0.0700350804776306,-0.0348049462853506,0.0792935756729674,0.0459966491830115
0,1,0.0954316148915902,0.151064245528951,-0.0568122757457957,0.524844318239796,-0.218558352433601,0.0850168500110794,0.268616166048141,-0.0701488101488348,0.228604618116156,0.53415001694247,-0.0964101683248572,-0.0777139568154687,-0.0772846708785334,-0.0363353673228546,0.0815139241833264,0.0418697893479834
0,1,0.152749924379821,0.21262941561796,-0.0891289666553853,0.550161302050497,-0.239411971635201,0.225484548624968,0.26180079917801,0.105004217853835,0.402201977004605,0.436659925706987,-0.0891713955194105,-0.124864245052378,-0.100281162880358,-0.0353083531075192,0.0931805721955137,0.0655566628526352
0,1,0.190836423545571,0.234121947711354,-0.123721015484091,0.52944251557584,-0.219585471854974,0.241227063382953,0.250900814915062,0.125048588738882,0.389771516835032,0.489628574185618,-0.124487212696912,-0.0159012712587266,-0.132206756320941,-0.0364187469884442,0.108165433518185,0.0713216628574294
0,1,-0.930000176299406,1.0130070800617,0.00390536748189182,0.611078484871465,0.386158443955432,0.196982850494825,0.0801287637320694,0.179266297784548,0.380253059257722,0.454782880906804,-0.143892844739962,-0.206726745982559,-0.141723749545128,0.0485779127590506,0.0679687468012455,0.0252234609851776
0,1,-0.92377360859078,1.03469729769774,0.0144255919279487,0.880929808593211,0.299213441203571,0.195920827094425,0.270209122900937,0.217448127587008,0.297948011472202,0.484065430236543,-0.150035773175368,-0.235247007172766,-0.0888136737659459,0.0559644362935022,0.0765958459285307,0.0280039836713772
0,1,-0.940475989192248,1.03327025384258,0.0100624105749532,0.575443790249739,0.417544265952579,0.172001589069348,0.0584703330622356,0.205227735872474,0.361649940650641,0.456507306599148,-0.170458099549147,-0.186727061542544,-0.182450273999714,0.0384423195713801,0.0537836737382149,0.0247636941117146
0,1,-0.976589015507144,1.08608246158445,0.0163668144138173,0.684133202380176,0.35947073812941,0.162610102819758,0.13891960612035,0.151973087138181,0.340338166556913,0.484908664351077,-0.150909034621071,-0.217410967125865,-0.160650311425127,0.0193300759741862,0.061503178667074,0.0246778511970512
0,1,-0.802850982815519,0.917680588868041,-0.0495404251875624,0.485146043544266,-0.169483902388002,0.560079846467456,0.274476603399698,0.00198364714704633,0.288238136780988,0.504359080549856,0.0191836306210897,-0.207954341707764,-0.0729159154930382,0.0128185164396323,0.0830545163234794,0.0292206271698887
0,1,-0.827442811257304,0.941356785738789,-0.0719095096118309,0.487122219729551,-0.179839811304185,0.639256218044002,0.252317280515121,0.145997426732766,0.342781630079679,0.499821356743403,0.0217708192344926,-0.178573431683693,-0.0421143548338318,0.0136366802794001,0.0878365659829183,0.025499380967487
0,1,-0.7930408303682,0.917288934835686,-0.0496417344853274,0.498970517526422,-0.17905478812213,0.514954690452059,0.271907828472164,0.0234921483846966,0.287052227022709,0.496005085763541,0.0323993920008129,-0.209985623098814,-0.0918835782147533,0.0206133757386635,0.084233876012929,0.0314091543215205
0,1,-0.84726398010939,0.973384186515415,-0.0724757658824015,0.530883603482897,-0.216221746650546,0.640437461684008,0.289655100411018,0.133585341714339,0.332183843609889,0.499052020102068,0.0269373037519393,-0.200156639903678,-0.0510258453897265,-0.00245221431521851,0.0935661000850345,0.0252639848475193
0,1,-0.822042997510596,0.927183040366791,-0.0352397494937681,0.392174594199509,-0.0992668426660342,0.486536403582123,0.217187749143688,-0.0850345717735289,0.262610978991473,0.556126627144787,0.00311249445073131,-0.173874372013363,-0.0824932048383267,0.0230191612127513,0.0664129296020538,0.028561701450827
0,1,-0.140096004333586,0.077637243677045,0.0199914392394282,0.669513062580158,0.180699702931508,0.323472905561042,0.207410862674579,0.128805613219262,0.40866123429021,0.553944240999208,0.190791946549724,-0.18037994964205,-0.200515305920055,0.00182836788481186,0.0734824508097432,0.0145298174537195
0,1,-0.160082763279702,0.101755308402316,0.0262850653910823,0.722245624854341,0.336439520921633,0.316408458657635,0.20747631512619,0.186633335881118,0.351145098705129,0.469014549122227,-0.184988897553557,-0.253701474797461,-0.131135367547391,-0.0464598289765228,0.0745188339171999,0.00617972203363119
0,1,-0.362290956953036,0.232047021795807,0.0374766208603904,0.748548320337057,0.476819801092357,0.452283708468373,0.168074611113305,0.0932659241299003,0.480147563496651,0.585057647203943,0.363785230929299,-0.104161299197837,-0.0968488215955461,-0.0140670664081317,0.0774490978546364,0.0199179324198513
0,1,-0.0197175671242691,0.0825506879300516,-0.0188863101495899,0.495982772408135,-0.245055987824886,0.221126019587599,0.205345728453161,0.135046180200845,0.370229140240864,0.513663481325044,-0.0845184113977549,-0.232097407681981,-0.082540337578918,-0.0402786770778608,0.0686597025208859,0.00457472642748011
0,1,-0.526092412767919,0.432535563314802,0.0351839197745783,0.671210975501015,0.468378972271057,0.438758012551862,0.109602266366646,0.0179234810192486,0.524892526045479,0.64211878170582,0.311291100983855,-0.0987636518860347,-0.0352206911305453,-0.0939361585159697,0.0734873954327971,0.0130497898740973
0,1,1.02160684596303,0.95899174032086,-0.0904577863624646,0.693106934072568,-0.120873692290247,0.351451698354354,0.226852599030447,0.0424533024059198,0.304767648002218,0.802940571009679,-0.067009386416834,-0.171812423789015,-0.127062078977865,-0.0097786237693453,0.123603768821288,0.0581524647420919
0,1,1.12430076228382,1.05248235490365,-0.161130365872786,0.66250793667584,-0.0856239316509845,0.342614331477394,0.244821595466987,0.0949371826973689,0.103400317469081,0.623767188467017,-0.0278517732297618,0.0494373963591338,-0.0704116371471962,0.0131878527343602,0.112833378253184,-0.00919205779988566
0,1,0.990985676255999,0.94065264462009,-0.117312255181464,0.715262613401434,-0.13005292649287,0.342187180245986,0.220303789770957,-0.0122308160096655,0.408788554406278,0.714994131051128,-0.0373286654391193,-0.332070256320247,-0.116644105535669,-0.00616989496232091,0.0499741256246128,0.0659408696185739
0,1,1.05563541096138,1.00248754070784,-0.110046271914818,0.659494528310415,-0.0949312298993377,0.335695557139965,0.238993151429395,0.0591282178920412,0.253117782539472,0.635438658726092,0.0187003878405342,-0.300326023781916,-0.0500520279740565,0.00469016105476257,-0.00618942097558479,0.0404504706307426
0,1,1.07370264460612,1.02676639079262,-0.170878016407785,0.643116035187301,-0.0808420254956423,0.316380150884789,0.23933098166622,0.075505215448338,0.140148985008934,0.436676168777528,0.0726560793261786,-0.238064239373077,0.00980644994922272,0.0216998807891187,-0.0111290998879968,0.00776496909795404
