testData1,testData2,testData3,testData4,testData5,testData6,testData7,testData8,testData9,testData10,testData11,testData12,testData13,testData14,testData15,testData16,testData17
1,0.848298459901214,0.828337776775819,-0.0611471935191436,-0.180531751620041,0.249463545682876,0.819375904985345,0.357364291076527,0.599505128196306,-0.31716218481864,0.102178649031349,0.42099238984562,0.169157093396145,-0.0289007068680921,0.105005120001814,0.0346730911195518,0.0500020921535368
1,0.881903209645588,0.826314772446785,-0.141023843312844,-0.213425940272021,0.0796608178460541,0.566806796333016,0.323435934705079,0.53212874115077,-0.349189251437018,0.0333467446284212,0.339614799161358,0.273868541268167,-0.00630731299797502,0.0908028578592295,0.0263200657369511,0.0462011995976047
1,0.724635772039134,0.697227900999175,-0.174606017745449,-0.17376141199254,0.0383757943755148,0.409048818443231,0.164597519849666,0.527851202712056,-0.258052573340717,0.107360876723825,0.27814368194839,0.269086935558084,-0.0174492304486996,0.0729795270509118,0.0595537996060565,0.0693478759179777
1,0.770130903526265,0.734672828963235,-0.109025600147385,-0.202098195863136,0.105983528490527,0.596672762528047,0.329293571507377,0.545126328877045,-0.331007581159672,0.0995320821223242,0.349494395858292,0.280559773151077,-0.0355678920570147,0.0922744321886465,0.0533664856579327,0.0612502707438911
1,0.920280104216495,0.818474698075398,-0.184873545994759,-0.177820829844815,-0.308566118495155,0.48712725779838,0.27360990767941,0.62350715612323,-0.335448425004646,-0.0114328176182773,0.275303898157452,0.369532728254234,-0.00972046200450012,0.0774022371225146,0.00616385147865054,0.0384126027803365
1,0.735782754664792,0.686020239998367,-0.226900584674855,-0.153067420298461,-0.12584232829696,0.226232191272469,0.0967554544832475,0.57459201376233,-0.197614733326911,0.0465359416563375,0.198805735085475,0.268530115040547,0.0100906346552416,0.0519432084293165,0.0545792150032816,0.0664475499498047
1,-0.881698507680286,0.891692452779655,-0.473924649815497,-0.184682632357129,0.18987991070477,0.345173349225559,0.230211953690389,0.467135989489474,-0.0882273979120955,0.109672104803897,0.369953183782508,0.303719111403759,-0.0572556426926682,0.0821969896217896,0.0142993773616607,0.0802671518542666
1,-0.928090225442987,0.928297310330228,-0.521780619967929,-0.199897786739197,0.190658077886878,0.307536954285079,0.20925242096236,0.521311330585807,-0.104142148883446,0.0941710481267891,0.386463390880308,0.3363255990192,-0.057256870507007,0.0728577697858765,0.0241031045576642,0.0719156864098291
1,-0.891150845024557,0.898308563243191,-0.464587655895627,-0.185450548358861,0.171225273864664,0.317284491284404,0.218082747729632,0.481780404121554,-0.112758000127318,0.124590973449452,0.352953012308168,0.296125577724113,-0.0505917309342172,0.060184510489942,0.0132435700323217,0.0811989702951008
1,-0.911614003867597,0.914052636033375,-0.493401930613173,-0.197363865224056,0.164497415151901,0.311536191301199,0.229281584693938,0.542283840967359,-0.115920028909278,0.156145577041643,0.373878767979967,0.341074891985698,-0.0522684484034255,0.0877907401078709,0.0300936625139429,0.055657564072296
1,-0.998217189658995,0.999444317846256,-0.560208534665389,-0.215220570331303,0.188345992569103,0.28964791405971,0.192252660781661,0.573233968497227,-0.302992816182293,0.0429193579276729,0.376950286563998,0.311635208773951,-0.0688437269831243,0.11572802030476,0.0526856169970141,0.031673270227009
1,-1.00994059410958,1.02308326251772,-0.521374811165098,-0.214866955825243,0.162904843854637,0.280756634658629,0.210085755217002,0.549025528634358,-0.261136484933325,0.133270452498043,0.348445987759258,0.234828935277744,-0.0600823001519628,0.109915924758588,0.0619169465047681,0.00845809230914197
1,-0.972814903763172,0.971056836339212,-0.563571873272745,-0.211845741294833,0.17869572841247,0.2874172749468,0.192040100469118,0.550669578541763,-0.273089000106594,0.0445863722431253,0.344161869207987,0.307066211263999,-0.0652995945143515,0.0612229268951757,0.0588920230668585,0.016856578178048
1,-0.97939666238514,0.9779448110641,-0.563690293043025,-0.225062120376692,0.189762492389564,0.250259429848407,0.180659634009629,0.669505412414951,-0.350733606347798,0.123339616361228,0.358302566860204,0.319879749141091,-0.0566047125169155,0.0641172539972186,0.052611742364023,0.0349322472511999
1,-0.925744664953992,0.931164617613654,-0.485606682654308,-0.197128932920657,0.153238594551289,0.300399855075642,0.223823076293203,0.527377034288571,-0.13007105116056,0.148845459101284,0.369255875994891,0.320171561266138,-0.0510913943773614,0.0701303812357813,0.0219182652557822,0.0742563672884227
1,-0.910612006292784,0.927792971260545,-0.436972329999746,-0.18425037942434,0.147995452740295,0.279309000996279,0.203690883578756,0.46013475597023,-0.193358197632661,0.123570741643808,0.318602868596347,0.213809136263323,-0.0525143612726456,0.0654696785851443,0.0304597556526793,0.0508120960948633
1,-1.02906825591813,1.03438572067343,-0.533840403466592,-0.207493808113,0.165705048426956,0.302609247239766,0.215780443953473,0.454193886543723,-0.061584770657108,0.00913549855039392,0.403126509156067,0.33685067912536,-0.0757930645027323,0.137098414344691,0.0445442258591081,0.0445206078424306
1,-0.947015312976436,0.977184290287991,-0.467051640856061,-0.209852530629953,0.147639465077912,0.273570144679526,0.245839150625406,0.588448127959481,-0.179624701851057,0.251384701360179,0.332845294199041,0.261506915367167,-0.0552974963639719,0.0610943521428586,0.0493442456739865,0.0399497443168576
1,-0.959388084990966,0.969908530002228,-0.523015379667691,-0.206921515401222,0.163562771094073,0.300854611066293,0.226232346023241,0.513979167116323,-0.203134299084274,0.141280876566091,0.361156244246382,0.241253209735997,-0.0633163955903571,0.091147457516057,0.0537594111315185,0.0220504095953948
1,-0.871333790554492,0.885673996931486,-0.427195083089107,-0.161508606072892,0.149597038279108,0.324800942385144,0.202006674794895,0.300572420474589,-0.131546310425167,-0.0220066828472119,0.315426774940479,0.203580426524901,-0.0662829501505638,0.0550137020737843,0.0161038913848689,0.0680132527557247
1,-1.0258794577939,1.04072663219439,-0.490448848576329,-0.205109574340516,0.104258704645985,0.299898402140864,0.254882970945739,0.451274920059673,-0.134427653720224,0.167928791649172,0.364044091170059,0.211995964424111,-0.0616775863604469,0.126911719343753,0.0501489413045426,0.0203460160256595
1,-0.916737936146552,0.923622262278512,-0.470584449990544,-0.181317947043753,0.1650268737036,0.309290910394858,0.204151414593089,0.412378516425829,-0.0941900984378762,0.0317811048514678,0.382620398494407,0.28163077682894,-0.0628207700330922,0.125885346704395,0.0233768213208365,0.0628385087174097
1,-0.912469287630275,0.916100088789362,-0.501695377001862,-0.18607613186631,0.176756456301181,0.29896554945802,0.181106326367957,0.450765586011191,-0.247115070465856,0.00387753722597372,0.344619460950349,0.258223953205139,-0.0635827500574827,0.0657957732136321,0.0419936348203031,0.0355741229013443
1,-0.989902960536332,1.00558058849758,-0.505572444647436,-0.211362104314764,0.161345997022742,0.250248990930185,0.194341012179757,0.528735596039289,-0.270198989271133,0.10441070313451,0.342078970879723,0.21354059414645,-0.0652664927904757,0.0745137681346241,0.0542956054618363,0.0256830415306313
1,0.953916080604071,0.874565820288207,-0.210177423493672,-0.443189906868687,0.231030294218305,0.0816668444058068,0.444401798970258,0.379422250566095,-0.258417146952271,0.13453737393536,0.250444730185322,0.326098806808393,0.021525300264059,0.0680252099020538,0.0238379604281302,0.0498148405403381
1,0.963485442777061,0.878900604655019,-0.256025977271769,-0.390937955764885,0.158483302966923,-0.00133563182711619,0.348559872525786,0.353498029683959,-0.252046596418286,0.101637061670279,0.210797306013053,0.333764476380985,0.048379474400311,0.0605727264488693,0.0323827323669315,0.0530590762792512
1,1.0201800804369,0.981244870593462,-0.245515092303897,-0.33698641193424,0.379306812740154,0.258698318995959,0.246354597166842,0.408770787829839,-0.292073112821241,0.180301585515726,0.3120736838491,0.284720959998765,-0.085956921592998,0.0819556264438478,0.0454532553737334,0.0676547927055871
1,0.976383305409435,0.912390684782572,-0.235346545287852,-0.368103809241595,0.227758209613255,0.169555932981421,0.308112875201506,0.368717065592514,-0.287129670409031,0.165077441892154,0.271344185485966,0.342464887754987,0.0212701878024263,0.0752245255919512,0.0424583801802517,0.0575527546756873
1,1.08288531649267,1.04535161902745,-0.172602508230409,-0.466389817238494,0.65050254932637,0.306265013403343,0.475084423052139,0.447303834757575,-0.232765854275111,0.165451643400027,0.356544263158615,0.134796352395928,-0.159712893027181,0.0866414005209607,0.050934371107081,0.0811552763924648
1,1.03328199699164,1.01702998089813,-0.279392118655483,-0.280152828705614,0.372602075127753,0.155043183235249,0.102934815868934,0.37002197259564,-0.203698741820065,0.232011338882101,0.265197043959139,0.250230897756985,-0.0677437375922659,0.0654650056377336,0.0340930115121711,0.063916328762153
1,0.981793837644342,0.964570449407951,-0.138606427571914,-0.463330605934718,0.701680236797968,0.368855275074658,0.517343344075263,0.401200930234777,-0.293405972092177,0.165432947214553,0.391491737010654,0.171854207527157,-0.014475871649136,0.0927104042000946,0.0030089039442322,0.0408145578624946
1,0.95659240205549,0.899971367380541,-0.161030819608023,-0.497236818343916,0.463485419711108,0.177530900753673,0.562439638121072,0.384311704678735,-0.275623024705958,0.112810373439183,0.314037738992121,0.241296979548462,-0.00362274752045045,0.0751544365916614,0.0164452315925914,0.0523379393074507
1,1.07793002391616,0.995888604467807,-0.158656119770519,-0.473687558447112,0.407961117916159,0.278001244507447,0.652950612308994,0.417159612526887,-0.317026001451432,0.0998892977203283,0.344319133530158,0.268924835107264,0.0312786192119477,0.0903902273005346,0.018821133849461,0.0490097068281817
1,1.09037308415027,1.0376701440849,-0.283546083168862,-0.380041929927092,0.37311780088261,0.0446893673839543,0.217392122454815,0.433132390184469,-0.145295697620984,0.129425654002653,0.231769428931543,0.16194657996986,-0.0713677508682546,0.0570813271993506,0.0207512896301961,0.0618798523304475
1,1.09124513960234,1.0435876386747,-0.311776956283746,-0.406625284901292,0.39525206481681,-0.0312266617038968,0.184032221603892,0.405361440928051,-0.133173416581293,0.171116579623836,0.218028400475551,0.188342167570301,0.0416995421463294,0.0553311722692536,-0.0224830671841966,0.0316975515654453
1,1.05322825990941,0.984638126340882,-0.314618880622565,-0.375978265991963,0.247150145990015,-0.0939134648174018,0.160480649565318,0.437603567954864,-0.0933731140303886,0.133867740095711,0.168631847101289,0.178537956054794,-0.0784237504106157,0.0433398969568122,0.0264017120930179,0.0666864964412371
1,0.996139876509293,0.917764726108262,-0.232016195385833,-0.478281549001465,0.360899201420318,0.00805672759599852,0.484741526182516,0.38665280660799,-0.226143188201986,0.121619654468161,0.251699230412599,0.261034133112447,0.0332581755949278,0.0663639999204907,0.0288043922853022,0.0573064103962092
1,0.985742126590621,0.851384645509369,-0.208799327145747,-0.631179712550577,0.280107191003069,-0.183457478200646,0.769777175040202,0.374687055172606,-0.252567734849532,-0.0500162829532131,0.204670443654189,0.271609897614691,0.104418207575547,0.0545789404785799,-0.0125302770323367,0.0359431536559376
1,0.961368214495948,0.89125302852662,-0.155177300630223,-0.490360814435314,0.44414025387458,0.183086626253472,0.625392885268903,0.401052820009111,-0.271763833228558,0.114349213059606,0.316447660523653,0.243336140207727,0.0437074174532753,0.080229269578769,0.0320017934717604,0.0546974285292471
1,1.07009550553158,1.02799789799487,-0.185619069188052,-0.464705008961445,0.575371483311546,0.241048674371536,0.417071151798235,0.424177796360368,-0.210994922285832,0.133322446898044,0.32143663847326,0.133525231730302,-0.0890896648632074,0.0759280021023087,0.0258430654006018,0.0626577910108658
1,1.03820089087286,0.975011959345382,-0.242061207800503,-0.431656911155531,0.403398341160686,0.0782959918851652,0.377291046348899,0.416912647661442,-0.205899002195675,0.139845663012936,0.264372130170076,0.217445509568819,-0.0627321430110002,0.0670440158666753,0.0452010038599573,0.0716826438983768
1,0.0127012880745599,0.049397782675471,-0.0718907005977615,-0.0538878295236221,0.299575794025916,0.302741149889165,0.151466788312718,0.412864343531561,-0.201140392297838,0.187961062243574,0.241774698892013,0.17934999991352,-0.0478914295567472,0.0636693722574333,0.0165536799517313,0.011589449871595
1,1.01226242710613,0.930982770886578,-0.242453496151225,-0.302992813402679,-0.128970946163824,0.166065366090697,0.299696353900935,0.486160984723762,-0.266288082690493,0.106568562634682,0.230051948541614,0.409252385262608,0.0119318549966197,0.0579899102090638,0.00183545301823775,0.046951025010889
1,1.04848167944719,0.977291211040923,-0.239067596259765,-0.285022570536264,0.0562046427675023,0.2632144538221,0.284553045978906,0.483298995237589,-0.297957951194674,0.0733683722061562,0.269004858733926,0.332151256089238,-0.0415929598299377,0.0708064668056331,0.0117642083102708,0.0515181000628097
1,1.03812855192058,0.974903545674348,-0.201246484910471,-0.320342681964495,0.0561492851312253,0.372221779885556,0.367068411438689,0.596064992970046,-0.159311300131756,0.421140054835919,0.321844957015321,0.377066481261656,0.00655004334828647,0.0899084940961529,-0.00646933080747301,0.0341980461634558
1,1.06278082509887,0.899889442460302,-0.164760700892419,-0.219717145460709,-0.43051791952921,0.506363571823704,0.447879741043078,0.753593785331304,-0.237463155594053,-0.0559606489743463,0.259502760936877,0.274007181964018,-0.0130775790393616,0.0773313733451404,-0.00764405522268991,0.0338560473883397
1,0.971446822222147,0.832131298829108,-0.22456380596165,-0.166355324922813,-0.453401732494301,0.340622971384803,0.242398163506497,0.664939025204135,-0.201864062630058,0.0200242010420465,0.200831105068946,0.321615216396937,0.0258876839526255,0.0646157905848191,0.0209977891592726,0.0441532434343598
1,0.725708691318061,0.654956584081538,-0.121494428893428,-0.0679549227867962,-0.201210502756283,0.688318785724764,0.159995943903438,0.897050150707235,-0.097803983598895,-0.0345343578237819,0.289856340308616,0.0209338408693304,0.124924761464442,0.0722207311051402,0.0177920672099719,0.0316542256020078
1,1.00285173866758,0.896006817393938,-0.147810367390646,-0.191689940245729,-0.165207051535902,0.609020561423304,0.343238913174018,0.729486264956564,-0.21770164012213,0.0284766166170896,0.310549156988657,0.196379222386932,-0.0076049802453456,0.0853839396953621,0.00923342245527718,0.0395428372560483
1,0.984855285239485,0.89421196181695,-0.163248071034695,-0.184842522124723,-0.0993099769512153,0.578587212501104,0.260011191646301,0.713395600467497,-0.189485216690322,0.0635396640838518,0.302483371994816,0.172263004377287,-0.0434086388763141,0.0821962106411432,0.0249156367389794,0.0504266001221957
1,0.979468225694186,0.862644844163596,-0.187428687462001,-0.189195009370916,-0.278701500495421,0.486865046772257,0.233917643929248,0.738290247536647,-0.167323115034803,0.0163108451614568,0.251919340701711,0.197173045822306,-0.0140220054792611,0.0712968954489162,0.0198974415918205,0.0477690025361072
1,0.813531269430465,0.80442468492783,-0.180083046367569,-0.151650383599181,0.133109506693565,0.499370414889356,0.0131646733652806,0.715622594303198,-0.090844567820939,0.00434158999859125,0.284745674479068,-5.28341112990555e-05,0.00800520330997717,0.0581913945211979,0.050180041820673,0.0681125763849162
1,0.796179880392558,0.746935217513378,-0.192463553808003,-0.139042788493647,0.0800592741851412,0.565905474313313,0.0945776335055591,0.633995341475669,-0.291835773567877,-0.000883359337983916,0.316512968023741,0.176301361560008,-0.0349577397191169,0.0857199099231731,0.067199932940492,0.0644705651508152
1,0.87312808638091,0.826618540351246,-0.157224166130416,-0.0985150583427468,-0.198826530413768,0.533367745639652,0.050536757282256,0.720455599075331,-0.142384971426591,-0.0825926547690725,0.253767430085943,0.100577930731097,0.0499406845224533,0.0474623273030157,0.0354977789908208,0.0551858548951669
1,0.828615141064422,0.763848724567492,-0.217915201045442,-0.117766463189244,-0.28515945774653,0.387633463505909,0.00681007363207014,0.702054427714281,-0.118114993864761,-0.0164100230466673,0.205848907151436,0.152828192910248,0.0488477272642441,0.049116753173871,0.0227263918227382,0.0540525200911283
1,0.801860393938486,0.760847024420755,-0.180056789466509,-0.161494180393114,-0.0839190674055456,0.517057629947146,0.167774347945536,0.868114868440334,-0.0175833312960471,0.379620791869458,0.305554172486939,0.205158671040805,0.017083823200815,0.0803022933032038,0.0635507266017945,0.0693245071848053
1,0.838242302604129,0.780215558367286,-0.198376500823538,-0.163659849328099,-0.199803598767054,0.490955029900069,0.127895262088121,0.931198267111076,0.0232816255446135,0.325962339825971,0.277160546453409,0.173640385992794,0.0608806334336428,0.0718582737915065,0.0403148751227954,0.0576324588135794
1,0.82209026901073,0.806344131386566,-0.113132380123194,-0.141844773896901,0.0707413218457424,0.659014337781923,0.143211019205436,0.713355119515471,-0.166387442424534,0.00727602103286938,0.329554311393671,0.0592312786309119,-0.00410652032388095,0.0676567591335428,0.0597146833465632,0.0736975085279854
1,0.798120495214008,0.737187925903287,-0.179175527545886,-0.134885140340621,-0.146547531478108,0.46199979638584,0.123099630361859,0.658860914650519,-0.186939375631317,0.0200659183492083,0.25474804378873,0.187152492958021,0.0102706598625384,0.0644869186891777,0.0594370920552137,0.0671935222250701
1,0.862359957266154,0.792745779807871,-0.137775223836355,-0.201915543907205,-0.0957425122187511,0.609608098732853,0.365590310129187,0.834597259123549,-0.133638742523238,0.309898453284676,0.347061938115337,0.266517636397518,-0.0448486895671981,0.0947181194753393,0.0638728484615483,0.0712462771993076
1,0.852408208815515,0.770939911980307,-0.14025908443662,-0.194610237096377,-0.189435525160987,0.59641308917018,0.3663703374609,0.835032545617513,-0.145117840630879,0.296866954954937,0.332202002127601,0.30070071750739,-0.0587709716637523,0.0925934720756512,0.0485301548936769,0.0628216873910554
1,0.869817273874048,0.784579158076975,-0.142166470260308,-0.173234876541382,-0.256987658195024,0.583469543616652,0.282632469036177,0.687475724595921,-0.278123450955786,-0.0280800246067657,0.295074429645951,0.261487828941418,-0.0675931833495822,0.0753857829572675,0.0440712571469985,0.070155973267012
1,0.400993981001893,0.447664685996207,-0.179209613605157,0.528108068626881,0.236355398440867,0.140608543601711,0.611606066301643,0.848918530787869,-0.101525016055243,-0.0677154563718287,0.24918302137353,0.0291677944513825,-0.116945155085856,0.0323858427589653,0.0531721248234508,0.0593593771221996
1,-0.0831346094735132,0.099048719125377,-0.191822327138781,-0.0717259325274302,0.351205875755965,0.246343882586864,0.055525813208088,0.51426267370225,-0.222348610958394,0.097104421664799,0.344540885254291,0.282155929304452,-0.0251181143385374,0.0814623934521606,0.00211197442895641,0.0434085695745155
1,-0.0988476815008843,0.115167923018912,-0.20520815173176,-0.0781274929205818,0.379995097312772,0.247315007354844,0.0493664147781032,0.559308723716757,-0.250654041751942,0.0992981121793085,0.373981244474,0.293257512485577,-0.0268337479875283,0.0961316282440088,-0.00355508964679444,0.0571045637639007
1,-0.125608795107125,0.133713973937034,-0.238421536819638,-0.0877301008214465,0.370923808602202,0.241972186852126,0.0579049549777428,0.608614232327506,-0.243147259472588,0.123187990742371,0.410853062194427,0.337076425593403,-0.0254692855940548,0.11910559764647,-0.00850068396511873,0.0698851823601469
1,-0.123021311621993,0.1350020167401,-0.23032606470684,-0.091250573776522,0.348218905275631,0.225432525238678,0.0692839777908512,0.603462140198212,-0.187433915880248,0.139981295162811,0.406408507707861,0.34833739500847,-0.0285587717027516,0.114340996918399,-0.00176131488222086,0.0610844719356139
1,-0.0774876576018531,0.109320636753915,-0.150528221300854,-0.0699164240979013,0.370019024769072,0.283206948455729,0.0712355479667354,0.496326338494444,-0.258884488050055,0.117350451398344,0.321921847577146,0.232870592434013,-0.0270980831288734,0.0866734755326333,-0.00913679301895337,0.0613556692285159
1,-0.095927278920166,0.116290131154896,-0.203957529652658,-0.0746543817794883,0.399678460331661,0.264704121284802,0.0413917607848673,0.549795548325185,-0.296288526523173,0.0694287907297338,0.360825865020711,0.277993981353092,-0.0274140983282481,0.0993621528463536,-0.00685330007384618,0.0640167632928808
1,-0.0808943044082811,0.114942493380969,-0.146463829716358,-0.0727844615478707,0.366588794569719,0.269026555125824,0.0798857654816242,0.535240941078627,-0.23385777449384,0.183386006423738,0.323345039540267,0.234016481081303,-0.0212775598180444,0.0937428583372814,-0.0116826514160433,0.0670995083302695
1,-0.0848658882094642,0.108485655143611,-0.174774038404788,-0.0652747413764992,0.366807646082069,0.254670046310411,0.0426853646590641,0.499159815601456,-0.285303588009983,0.0659017685482993,0.324957497267374,0.251605821679612,-0.024319237855215,0.0874745553010987,-0.00696898172361332,0.061203795996947
1,-0.083598406764164,0.130670038215888,-0.0530661419821563,-0.059777138366325,0.279933448967827,0.30683744854029,0.150192684221214,0.422341573321827,-0.0958570663520747,0.28772281972825,0.293567896588224,0.183353279332161,-0.0158001077386777,0.0815319361685192,-0.0218822404099149,0.0681625471837806
1,-0.0969481012951454,0.115844835783374,-0.183816313637033,-0.0759126178668336,0.368714745556466,0.254094154992758,0.0574880728709623,0.565226964911718,-0.272505085848739,0.148051976090565,0.345386776469566,0.269582927235871,-0.0173517527074544,0.102412432606809,-0.0138147357809681,0.070703198596094
1,-0.079279967949588,0.105292395795635,-0.183520382750459,-0.0801815135965869,0.372877449474134,0.257744701485498,0.0824592414995067,0.605631914690116,-0.213199688528546,0.228225173399424,0.342293537032218,0.282700941696824,-0.0161875703563312,0.0824323343658103,-0.00402927801358538,0.0569817400120527
1,-0.0903340530236398,0.115690564113894,-0.170335535269222,-0.0790385994141004,0.360626588530969,0.256751021859072,0.0747634627926112,0.560415325106626,-0.242616154595636,0.179655418007044,0.331640544268203,0.259352017671,-0.0206171215050576,0.0951043221741869,-0.0126091294127887,0.0701523276538538
1,-0.0683357730658552,0.0947643529626466,-0.157298610856646,-0.0713106598561899,0.349039754285095,0.272541574948297,0.0768826781118044,0.515194175003195,-0.253938825265312,0.136681651326768,0.323560973663792,0.255505521234951,-0.0250243744504344,0.092882726250485,-0.00284036294077592,0.0478397719005973
1,-0.0900776382329366,0.113347161438682,-0.192276300981278,-0.077485215214924,0.401300999136392,0.26270785538352,0.0448599744511446,0.567730180835068,-0.293784465272723,0.110810946986154,0.338765844081385,0.266582873998439,-0.0221828937026803,0.0986152217162604,-0.00880716391883267,0.0663083271280028
1,-0.118925970332503,0.131666333710376,-0.234474897988586,-0.0857002161562943,0.398042832952129,0.252421132625425,0.0416339882265819,0.574116970019682,-0.274040935464822,0.0677590951014349,0.388975022974442,0.305907385812127,-0.0309222189231225,0.116327083302469,-0.00801137003919602,0.0702477000679089
1,-0.103868292945993,0.109821702976284,-0.245580832328954,-0.092573704804475,0.375176979999344,0.241011844506458,0.0650310193455318,0.670484714149795,-0.247629575685063,0.194384745372686,0.383796162022184,0.3565215801049,-0.0161152736183973,0.101795544350438,-0.00284824653419532,0.0591280597996624
1,-0.129339309751607,0.138667819799922,-0.234008100766667,-0.0766108639634271,0.368728929073054,0.239387332903731,0.0307877331669274,0.504897309319402,-0.257566932021025,0.0011130537954255,0.392498364349458,0.296545051193191,-0.0337654365594611,0.121737284876999,-0.00845648366271849,0.0702707772249887
1,-0.102293337407435,0.12869142932903,-0.176838157805617,-0.0997113038606549,0.330469670629528,0.249868479719603,0.131937640503553,0.688518673425865,-0.1272083279877,0.386407066078848,0.380355374838056,0.326292615753985,-0.00901009490301985,0.106991313474177,-0.0090041705491906,0.0695122409988008
1,-0.108417955133183,0.132935997133918,-0.175911163563135,-0.0658959301151531,0.372639584177762,0.251861363805862,0.0351491273721649,0.479832100211965,-0.292266792714982,0.0291541679668104,0.355208703831184,0.235603926692067,-0.0290544436338619,0.115862218822172,-0.0155058278123208,0.0757148659036534
1,-0.11658070264853,0.136502085103585,-0.203766111824696,-0.0751041309156617,0.380654206556356,0.249152984534666,0.0368646976538306,0.512684487348564,-0.279141057378908,0.0222795625459982,0.374819237622896,0.278156942595892,-0.0344535744474587,0.119138836243398,-0.00918345855585655,0.0713902465429659
1,0.790450490456901,0.778080315434708,-0.208736199628687,-0.268538206036163,0.334599428051906,0.31419342537041,0.163290293919138,0.385433412568799,-0.293196001661179,0.218180921047474,0.305020673257886,0.301862119212906,-0.0218944644609755,0.0832567952717235,0.0909211999693969,0.0815177870801564
1,0.7573497212628,0.73423979366824,-0.146035865347048,-0.341515237783204,0.435059551715015,0.339579150189455,0.413893227198098,0.401593344172728,-0.303158697494595,0.16870248442992,0.338633038426468,0.254721203306319,0.0612528775808629,0.0893722707362901,0.0790704352107482,0.0719355137364282
1,0.744997390968732,0.711835003147066,-0.140813990218087,-0.336120096017757,0.394799089778336,0.369565997552357,0.448090584182972,0.436744114451695,-0.331722343797019,0.132372054902804,0.347970180176306,0.269409262566273,0.0686292345028961,0.0921089633893199,0.0722236425450486,0.0649240338154582
1,0.662066535388722,0.583819748933696,-0.167449961395268,-0.375958457368971,0.164638434159017,0.101555782160534,0.50750584401564,0.453457738887462,-0.263646942930197,0.0394148272072715,0.243057559873,0.280820236995522,0.160156883412464,0.0677407073377899,0.0883034309145501,0.0717864503765418
1,0.78450591828216,0.759384207437328,-0.108792454794221,-0.369477245479652,0.516548211363552,0.423580154195632,0.522999027210606,0.41455813518862,-0.333054757237008,0.157368338956737,0.379964245274329,0.239766160630037,0.0351461217207486,0.0976423422188657,0.0574553126483882,0.0587614893630931
1,0.756349837434685,0.709493445594536,-0.147633236601269,-0.326640042753514,0.267245756994484,0.369359322755173,0.418402966340128,0.435129322633375,-0.3360933433883,0.15857598562427,0.336495317551296,0.328844472658766,0.0773018636278656,0.0910434250891577,0.0691789622729637,0.0592028373066336
1,0.799791135747446,0.75719814644777,-0.15356314256603,-0.342075800723164,0.298549809773537,0.335964371044961,0.388627791284715,0.374114949289908,-0.331952396060077,0.168242029559661,0.324808404524933,0.327300692038561,0.0364649084374662,0.0872892642668277,0.0613698074754147,0.0597022582282125
1,0.839362763455315,0.783356374731754,-0.179427527420291,-0.35520013256759,0.28225888232777,0.271231141883004,0.4012838205426,0.399738324026216,-0.322701789471161,0.129273284711361,0.305787627738779,0.316425615615601,0.0240276167161415,0.08436474816665,0.06576399222125,0.065489928779537
1,0.747453866666822,0.677198177166744,-0.164664517385328,-0.367892012235862,0.235778665587254,0.195507179430115,0.49318528575323,0.413067996336658,-0.315541743766869,0.0906613247188465,0.283930914912032,0.320460405771293,0.060252427049704,0.0788720166300301,0.082375369468012,0.0706215439740214
1,0.800796820549013,0.756365739689545,-0.210727576152076,-0.320757005653125,0.24349525868181,0.218955219057351,0.256868545318784,0.368682232616213,-0.303090304599972,0.165594570919652,0.273251222583648,0.334229783997688,-0.00378676052253741,0.0781622258594665,0.0622761129100802,0.064521249135848
1,0.834734823575185,0.801069576297211,-0.19379952394224,-0.334216229360408,0.298606907771931,0.285980197628037,0.290555314699389,0.38357065221631,-0.300295992995732,0.181769540024883,0.305736947909569,0.3134465209592,0.0428770082092846,0.0827026618921379,0.0541981711184781,0.0606773836162743
1,0.824505632781679,0.775586760518597,-0.179162700610016,-0.330849289186307,0.256225391639793,0.295590599600513,0.351732738910734,0.372585153879219,-0.333070411000686,0.16058575938044,0.308259844982506,0.344408072610876,0.0179720896736781,0.0845966764954302,0.0574027113686809,0.059159843548693
1,0.791719212000077,0.734053696690223,-0.15982579948118,-0.355346423503635,0.247056157441879,0.294765466963606,0.423874812469389,0.394906738105533,-0.332005430034445,0.131581373914555,0.30761234478282,0.332018126246246,0.047507177700215,0.0858216644390816,0.0607173228233199,0.0593803564134471
1,0.797802685963592,0.759700689959712,-0.176947721389398,-0.358452220395191,0.36033891160982,0.263082180165578,0.353115731700132,0.400606604751521,-0.285001858311449,0.161521341161655,0.3072266792056,0.27447884697874,0.0318258257749219,0.0811179987721826,0.060605499020393,0.0618637257637267
1,0.943249130690427,0.880709928456717,-0.216680327835852,-0.415122745840301,0.250453021671545,0.17452591590063,0.372507010696399,0.376706220777207,-0.298603578712677,0.133212082471089,0.28080867611353,0.329844338748212,0.0258455083475464,0.0748644462637483,0.0169974408079846,0.0489390405724215
1,0.888353563359581,0.842205921668775,-0.232917024040598,-0.323005142722542,0.220612048341514,0.24747414121575,0.199069498853024,0.403922721856893,-0.288707780138255,0.18674900203089,0.281909008743223,0.331685915855617,-0.0399475227105451,0.07825343478681,0.057437641545782,0.0676128802982413
1,1.02530119264414,0.969796408583978,-0.230098489420876,-0.378550896170635,0.292222088877289,0.240053050025601,0.267588447178425,0.372936373002881,-0.287947312204877,0.175897640704848,0.29049764228652,0.308933117361546,-0.121207648141182,0.0786986346442073,0.0380009457209386,0.0668780387708336
1,0.291483786870867,0.2536508052039,-0.0658299786499236,-0.224401911151782,0.224214716914315,0.301897372214086,0.525268955152093,0.57080142653604,-0.247666536503053,0.0835222831010107,0.280688079877894,0.210849782431278,-0.128053483573333,0.0746673083350977,0.0887321622307668,0.0733863918399874
1,0.994854912706839,0.969619157562082,-0.312609257542711,-0.20118969058676,0.209890736646942,0.158992578289297,0.122969677730446,0.56794435293963,-0.231007626491181,0.180886027117345,0.254812770277934,0.309301036358692,-0.216573549426057,0.0671869918039921,0.0398577415781487,0.0778838290338156
1,0.00243518484750995,0.0358373041643622,-0.107423272063249,-0.068093070016161,0.239249776945946,0.249409225958355,0.14672614522953,0.48045508617505,-0.206868075310065,0.22757810059622,0.241581338763239,0.246304043981544,-0.0373965799538035,0.063924243632358,0.0148921933493307,0.0120941306499439
1,0.120006954231586,0.10744757589636,-0.0477671926397423,-0.119925997863707,0.160130732999663,0.362065294028467,0.426418815700583,0.551503719363918,-0.268638341190952,0.123497271819555,0.278713831865596,0.253438246917353,-0.145963818929118,0.0735517958954856,0.0270924119947031,0.0302374848480976
1,-0.00109975328582449,0.0380229325335456,-0.104839904670652,-0.068537178630662,0.257552777542443,0.251245937551872,0.136576823554411,0.481779890073241,-0.192820405765081,0.238227310428552,0.240383704837647,0.232940154851842,-0.0336873386139132,0.0633338300305585,0.0143308166719922,0.0126477628984042
1,-0.00361611844414124,0.0428727241416911,-0.100554410956144,-0.0661265282803333,0.296437602558472,0.288460167509445,0.136043975519816,0.491547771739659,-0.202147046805246,0.247925067366673,0.257681560299138,0.227791644611578,-0.0291533876139081,0.0672203374669349,0.0128841927118023,0.0113861728190329
1,0.218316019300727,0.151897357226095,-0.0433517624585351,-0.221217733772714,0.0758996584302322,0.350395379538044,0.632642827996531,0.68275037023918,-0.261440482676102,0.0795365274436912,0.285933960162125,0.254543696552639,-0.217901289413658,0.0799057370495922,0.0346403121204896,0.0445737598764315
1,0.113838062738207,0.0948303619531024,-0.056611643283511,-0.145174235826778,0.181047149650306,0.358003599314253,0.479028362380041,0.589020079089075,-0.274525196415707,0.186732784215053,0.29559325246035,0.291478776610654,-0.182264199162484,0.0824601252330034,0.0294085459892677,0.0322088820071432
1,0.219688468457278,0.194911034071076,-0.144205405248171,-0.217610154994314,0.287169330784982,0.0726360714554257,0.37490979254364,0.653248868749115,-0.102815111076847,0.14515514338963,0.213942635135502,0.129760201098951,-0.178644112622167,0.056183470325617,0.0933998891801545,0.0817868040998083
1,0.956349269492536,0.891710787640629,-0.288321732797924,-0.326052890032507,0.275227858420167,0.0342657752239313,0.27203848945348,0.674744490372674,-0.0505943663106279,0.132254604604125,0.216215643908039,0.0950665023233255,-0.159934229292023,0.051537059575213,-0.110790777456454,-0.00610094065156448
1,0.0123068055637453,0.0401802716940979,-0.113649070386668,-0.0831964798923732,0.236127665194169,0.256419994603612,0.192974498746508,0.531978032447744,-0.205352498340481,0.270417978191389,0.256113581442629,0.271752352205945,-0.0556495141864464,0.0698867610858035,0.0191614500277966,0.0161334642230604
1,0.0291344126873531,0.0421009753858371,-0.112915392088759,-0.0925661356960754,0.18350078614093,0.235295640451213,0.243865260140738,0.530614238647567,-0.220354246667332,0.252856520592809,0.24846338587701,0.298332132358431,-0.0783689531369127,0.0697207465338147,0.0238944910195412,0.0206092183005081
1,0.499865646269434,0.455059977453754,-0.164714951115361,-0.24507500170325,0.237239267022459,0.164663452668327,0.413089279129765,0.534399802618164,-0.223375565311775,0.217072931216642,0.256814078285936,0.290519151833981,-0.274099827484901,0.0736824776406182,0.0519680454463551,0.0661304372451963
1,0.0140713700798576,0.0444008955422199,-0.109134382278906,-0.0833586382838578,0.257615698192583,0.271738939426951,0.200364374916543,0.535315026868076,-0.206229936176907,0.27188296090918,0.263037569047539,0.263556623205775,-0.0611096634156053,0.0711932566604299,0.0187989001925641,0.0162339376051876
1,0.176484707282676,0.133085119355202,-0.0740847501321518,-0.177271822801392,0.104829826302193,0.296118282410745,0.501155593766315,0.646763660083002,-0.234019663041198,0.126000635306737,0.266961595525046,0.254544264037612,-0.171681155142528,0.074534285000558,0.0367571746203613,0.0412931336327019
1,0.185079595473904,0.141751496249662,-0.0701432291113146,-0.186411984389769,0.119600478443751,0.312965256285963,0.500590984483308,0.673734094343248,-0.21855937069735,0.11216218834652,0.270664672735229,0.222804905669177,-0.168895494866911,0.07398117417908,0.0333366417899338,0.0405438619550407
1,0.148716766252678,0.128347893288089,-0.0879084493202939,-0.153355501471739,0.188617977608599,0.214288068038374,0.369018507110892,0.575749597907706,-0.18049974200279,0.100093517499236,0.226448184331116,0.174903819691061,-0.157512204261654,0.0610148409730633,0.051219592353173,0.0491029779391696
1,0.19264162453823,0.147422410823747,-0.036042135524044,-0.174523341783841,0.116621422143108,0.376319694940296,0.528188526808396,0.626325118190835,-0.251452412912943,0.0542497520766243,0.276766026517294,0.20661011337329,-0.186149799575286,0.0747532454139888,0.0338831627275684,0.0404353316925814
1,0.212956719119378,0.154349403623752,-0.0648483786144481,-0.222372801835913,0.115196193371065,0.235103374171531,0.542946484385237,0.621832850209698,-0.216825746815893,0.0203448353938294,0.237100125954529,0.186483453412964,-0.183659687412357,0.0648005935298422,0.0344835540986104,0.045552522114852
1,0.102366948562543,0.075550889334262,-0.0199210497362717,-0.100808275762514,0.110257507894454,0.286111573344475,0.373175622695532,0.360385114278488,-0.243315371410413,0.048144278330994,0.207376307297193,0.199849474420622,-0.150961628450571,0.0592592215757233,0.0276788913633409,0.0260815796901599
1,0.10558517533691,0.0821659346025852,-0.013504195508001,-0.101149113029159,0.137387936680335,0.310349762403292,0.380232284289843,0.362548454879572,-0.246554603582098,0.05224236531999,0.217480277870613,0.191727145917684,-0.158999704750261,0.061391642956203,0.0295015750451938,0.027399128414947
1,0.163007234557248,0.125045367666701,0.0152155105501584,-0.130174668836569,0.146627846882991,0.390635296846903,0.487687365257643,0.413285533144186,-0.260357245847794,0.00868569007082197,0.24554088409867,0.161982950547092,-0.181144663272643,0.067674425564171,0.0325564282471635,0.0327362464438741
1,0.264544926192886,0.184215565497997,0.00449747936933139,-0.217892013834298,0.0700978909724938,0.289691078327435,0.618415354665321,0.430257669121929,-0.258660783585597,-0.0544303825152215,0.219593455689031,0.176354798786549,-0.202223297998515,0.0633313472360141,0.0584613817303859,0.0548423885505793
1,-0.968378282529728,1.01688089222393,-0.461132251118456,-0.213180855501128,0.248934285244802,0.347516600608163,0.235343079525753,0.572901009703632,-0.282965359389972,0.12858274334077,0.34727050581123,0.240798491268687,-0.077410840194994,0.105440333308768,0.0508122381743558,0.0402931739803773
1,-0.921514071294054,0.950046637348368,-0.475687034186216,-0.202701876298137,0.221696523226347,0.27013379841569,0.168402407544571,0.528519932049696,-0.406446526358073,-0.0149313789124504,0.29456772658022,0.22357677376642,-0.0829757734985022,0.0886206123038611,0.0439072375519176,0.0498663874700346
1,-0.871048496026154,0.880341596513717,-0.537345776228741,-0.226262909789964,0.191996641930509,0.214778254190672,0.191068964029634,0.728538917908851,-0.374555515372924,0.185866738179611,0.332335890125318,0.322996881761963,-0.0632737384035047,0.086881512305569,0.0287295488253924,0.0877658722837834
1,-0.902540957182597,0.898345088482624,-0.493699187504055,-0.220991149178578,0.121645698228341,0.156932539485681,0.182730817087784,0.714358384801416,-0.26111302384162,0.323308353305231,0.278562780777265,0.2839453609975,-0.0279289878528654,0.0748223699962889,0.0320858749687158,0.0626209722007795
1,-0.882526319235425,0.847697365296726,-0.565702986418505,-0.200958295112128,0.160538634275851,0.124346553172554,0.0701655933589568,0.611588426197564,-0.412724260514463,0.00770847660785028,0.25898627256607,0.289457918782474,-0.0360655355629794,0.0733017779747397,0.0290961371698966,0.064876155311119
1,-0.922797471352793,0.890359054451323,-0.563635780441195,-0.207840464545815,0.143097817476826,0.117286970825458,0.0836007012529345,0.628716673981459,-0.404796105576282,0.0503411006198684,0.274336393983617,0.282222861864656,-0.034344406583498,0.0688510109044533,0.0274905398658052,0.0706196569967668
1,-0.900031426632718,0.870446373626767,-0.550006785022672,-0.209319052084598,0.140071213481489,0.112538431061322,0.0899318827549441,0.66282862920861,-0.437526715274079,0.110808997770189,0.241459752423971,0.265302765461482,-0.027626168458778,0.0419085638997863,0.0221419959436121,0.0792465841924661
1,-0.973699555181283,0.940817989279721,-0.589592383087441,-0.22488346842283,0.136519994414878,0.12205948864433,0.108690965565803,0.694337408365407,-0.362434171425249,0.122207310362505,0.27298740598004,0.326289423217111,-0.0326787864662241,0.0542015896202274,0.0549284933917001,0.0276773489791789
1,-0.938650194081447,0.907252473940985,-0.573022501126189,-0.217187127674782,0.132273328109719,0.121455812196491,0.105157406969733,0.665491928309607,-0.386390402138025,0.121407138680984,0.25460012825496,0.286906030056881,-0.0311870472870294,0.0674179794855972,0.0452727982530427,0.0395987569897931
1,-0.94309306969738,0.928709136736373,-0.492596270163693,-0.220883745719327,0.0556355060898546,0.139766563695886,0.199750129882454,0.678459054862925,-0.204444691256497,0.391486441796098,0.2323892615523,0.257333305183694,-0.013345694884562,0.0267127737586263,0.0369035539344435,0.0449831326992334
1,-0.933702478494803,0.895050299860847,-0.601785679678594,-0.221631317266689,0.140698435088116,0.107424214160156,0.0911573258362042,0.69781535146524,-0.440671070005569,0.113690392477357,0.273743587800205,0.286557466104368,-0.0300218571503409,0.088909142996671,0.031107538298054,0.0677852147246063
1,-0.915539294175006,0.897327597351395,-0.49736953863904,-0.190889510047026,0.0997872138819746,0.148098384531242,0.12037017627751,0.495044030935675,-0.303251262065093,0.0740077886346646,0.233889284585717,0.205756230926364,-0.0355911411380963,0.0680959915713179,0.0317996291363262,0.0495928490143318
1,-0.912965807114317,0.878644127022285,-0.576434818371147,-0.21926624641816,0.127203516130413,0.122239610359559,0.118680413316417,0.694916276103365,-0.357001894972006,0.179993091429348,0.266378441209291,0.300530537218749,-0.0257321603756353,0.0552211634368089,0.0357077682776446,0.055758784357045
1,-0.932527812651715,0.910018401314227,-0.528081045413006,-0.223630656062372,0.0945410424919915,0.12181401217263,0.157480302013039,0.722388808925153,-0.295843982714448,0.307494640790245,0.246349748460702,0.290775721883691,-0.017691370703549,0.0442246997883816,0.0408585039822546,0.0438440300965032
1,-0.953177263187395,0.924437852208173,-0.571375920207544,-0.205865770166463,0.147915664752065,0.123826291752453,0.0674813402343693,0.579567932375796,-0.497712278892725,-0.0193398935033997,0.221863429648612,0.225061000105025,-0.0394836091621996,0.00449783081369182,0.035707506036029,0.0592052046565309
0,-0.703368459746689,0.258569919325661,-0.334014746586507,0.546543363658502,-0.325634831412545,-0.267030993628788,0.341131726546909,0.475611355581415,0.0157119279357843,-0.106860446051691,-0.0665224072060043,-0.192309654714443,0.0337435021763407,0.0431882355248865,-0.125786800838403,0.137969782874503
0,0.231952315629331,0.229627730546968,-0.255481927273087,0.281295131780403,-0.354155820995353,-0.0951381012992398,0.332062774018161,0.476118816189651,0.00772284747614807,-0.0300273738716675,-0.13024218827742,-0.071926139334867,0.0409938969675418,0.0705598627721947,-0.140529029335896,0.111570377055003
0,0.709478571777515,0.318249010255499,-0.165972030648981,0.660696222993224,-0.267346910406342,-0.136963762653631,0.319776368673295,0.555970266137518,-0.0193611975889106,-0.0450541973724229,-0.17356802195346,-0.0631113965772334,0.041979562218735,0.0446608163734769,-0.135432191373734,0.132919918670551
0,0.887480183089009,0.612155983115371,0.08410202162544,0.776605257467602,-0.244962060733764,-0.140132632064353,0.348420818702543,0.527327758053718,0.00365125668795451,-0.0627019964065671,-0.180112707713939,-0.0394339699674547,0.0526255876697985,0.0116361248645846,-0.134515265578539,0.139881211216686
0,0.556759061192016,-0.0729427335512728,-0.0853514076987009,0.793206600514753,-0.0625449609733663,-0.174610453370934,0.222890548282426,0.469334647842646,0.0153025938039785,-0.0447245767996336,-0.138875813089855,-0.0414678022423541,0.0355360941789739,0.0756729802308957,-0.0695929867505602,0.0947298967060755
0,0.603920124834381,0.107104447262714,-0.250045360748291,0.456579021315975,-0.29439563762415,-0.0962616067021833,0.281489959339601,0.46193815072736,0.00677077925650322,-0.040478303340831,-0.120091347592283,-0.0351499954976323,0.0210699637929971,0.0681975840382112,-0.112726478598103,0.10822309482071
0,0.862724613315267,0.584414257349965,-0.0372421923613755,0.618597581648789,-0.337132933966279,-0.100226801620587,0.31887409647744,0.509410525388408,-0.00788535366512763,-0.0585784181134198,-0.136226966334061,-0.0494949064397966,0.0243789355300844,0.0402146549268259,-0.118221899248421,0.119388245123816
0,-0.482444963237844,0.236382554060643,-0.343933271221218,0.553081436225449,-0.376548888713719,-0.133683373388488,0.310899689288662,0.420634215652826,-0.108987966277253,-0.169791247736044,-0.120286020333293,-0.14302883077948,0.0198403884307689,0.0516170316989506,-0.119037653672328,0.120572355816301
0,NaN,NaN,NaN,NaN,NaN,NaN,NaN,NaN,NaN,NaN,NaN,NaN,NaN,NaN,NaN,NaN
0,-0.251128740875686,0.413117161853625,-0.533827736961106,0.335233370117892,-0.257370212296841,0.268330916181193,0.0160630033604079,0.437403708578501,0.38184790476941,-0.225451893409343,0.0543048893420583,-0.0764106886623937,-0.04523867834337,-0.0541662404297633,0.0442490536892675,0.00665525909720027
0,1.33913158985584,1.13025511791829,-0.583830631842738,0.590887827427463,0.0722268132934621,0.203346978184859,0.135676818445405,0.298411503010347,0.427864559815826,-0.163902116603447,0.0240482489531426,-0.0580656020695382,-0.0950315033233077,-0.0121597869633062,-0.000814528706543119,0.0236200666692236
0,-0.576003024592149,0.685661489494138,-0.592831152126651,0.270800239000136,-0.289160520461139,0.33391073187767,0.00958735248639775,0.257509557363759,0.457343645586706,-0.0908159482560912,0.0681340076369666,0.011504915031093,-0.0503315839099097,-0.0091480084751857,0.0341814142527173,-0.00357294530976194
0,-0.0564719055985178,0.0167504355113088,-0.246509701766196,0.341671684480584,-0.163063450121041,0.198265610637542,0.0727990892853739,0.258061701034752,0.258793803997122,-0.146949101903922,0.00980340449273021,-0.0313488480750296,-0.0512321754132622,-0.0403710429398408,-0.047990367446462,0.00403156154888413
0,-0.90584172190672,0.988994660082555,-0.826236330377689,0.428367421539861,-0.280976040243399,0.0719646415855609,0.117074595793739,0.256653846426872,0.404257206149828,-0.083636214843566,-0.0863486527318931,-0.0535722496851031,-0.0680353137649813,-0.0988978058481595,-0.040953273653362,-0.00884218138043732
0,-0.66957078798976,0.681129066853055,-0.870238440414147,0.563202497278295,-0.297595274028815,-0.0412593982157563,0.0901449605607696,0.275412698277209,0.300555739265349,-0.241736947562008,0.154091524690845,-0.120590880253542,-0.0271604990749086,-0.0324708629043667,0.00686203165097758,-0.0114590138497529
0,-0.116414645269916,0.108338464510992,-0.285884625145693,0.39782210899895,-0.213821683873838,0.272386644594724,0.165150708271963,0.265974170376793,0.486258919592236,-0.178886832248747,0.0646930218703264,-0.0703124676754858,-0.0545941771946754,-0.0377548801657581,-0.0611851932696445,0.000270504706812819
0,0.981938508207013,0.744848800403685,-0.511375816674455,0.542600294526422,-0.398828290658737,0.437909793699667,0.102781215758333,0.283234164055834,0.289230179232072,-0.18867163973894,0.0788291256980582,-0.052374166279422,-0.0588188023122891,-0.0750515989549511,-0.00560153601523026,-0.0307518320595968
0,NaN,NaN,NaN,NaN,NaN,NaN,NaN,NaN,NaN,NaN,NaN,NaN,NaN,NaN,NaN,NaN
0,0.785089014462015,-0.24520729666754,0.0912634363170129,-0.199305562633064,-0.0179334631974559,0.114922437777821,0.566181222511177,0.0262872437224536,0.507279766077134,-0.0389378152114347,-0.242475625558932,-0.223098956239984,0.174943252668847,-0.0439694620948212,-0.00638514436883587,-0.0101692119581953
0,0.903685613634964,-0.289381658033783,-0.0803157087358288,-0.166811376626667,0.0388931578081748,0.162078557767761,0.530945308626502,0.0753973956536547,0.460981856795959,-0.0171692514913844,-0.242034351596902,-0.199772096047057,0.176230943640716,-0.0420457142009391,0.0116913874268888,-0.00100807536729107
0,1.06313379744551,-0.323110852941905,-0.114930946257308,-0.237866725275147,0.0707937756026213,0.229244398586605,0.454704270555123,0.166767313319643,0.543957360370926,-0.0133517337533067,-0.27193913404803,-0.205302937792796,0.175087793284126,-0.044899058682227,0.0282326903532524,-0.0116945616015653
0,1.05153883165213,-0.416581027409118,-0.124520636262872,-0.360691229218218,-0.0484296890412462,0.236866035978351,0.466644753981485,0.077192981538705,0.46823879953324,-0.0162624607865398,-0.276440608957144,-0.164974426192729,0.173399310595866,-0.0729957195660655,-0.00513878132363588,-0.00270837557263667
0,0.912053791222268,-0.445570882063841,-0.0763975944794033,-0.0510908448640965,-0.107762085975711,0.251540671930464,0.479483019141577,0.0580092716877848,0.528806115936806,-0.0127310820602186,-0.247181990000596,-0.167633624460961,0.168374061270046,-0.0631416132783557,-0.00643212931337316,-0.00176924349270629
0,1.08990241781631,-0.349935502170834,-0.062026833944161,-0.169174172300732,0.0143104989165533,0.248471506795336,0.56223756557909,0.0414013933264212,0.523477059803123,-0.0540068666153873,-0.17971489387561,-0.183061140873228,0.145141750324682,-0.0510216879478299,-0.00585663096521727,0.0122154540538425
0,1.38628779008322,0.162672999591266,-0.152357943684351,-0.327250359793159,0.0657221007444833,0.339863872409394,0.552600090936068,-0.0603022136594614,0.555568470502801,-0.040663643783698,-0.16101145455028,-0.20775492909003,0.148521410946384,-0.0559625127749272,0.00522875162088391,-0.011395344006927
0,NaN,NaN,NaN,NaN,NaN,NaN,NaN,NaN,NaN,NaN,NaN,NaN,NaN,NaN,NaN,NaN
0,1.23165919527669,-0.170176762670126,0.0189663300111339,0.212964426466865,0.0476233856463738,0.324713883474672,0.0100717571792754,-0.00292828705702097,0.283574008042306,0.46961249286539,0.239234019182164,-0.0615900340350607,0.10530463566368,-0.299963208867719,0.105797037835371,-0.00646756265107162
0,0.909347734483632,0.105737937419935,-0.0942390840168345,0.340953444974401,-0.093002239615325,0.380860773921652,0.0567003005212673,-0.0225551743594248,0.225701424127563,0.474390026358893,0.263339821806913,-0.050645623574796,0.0617615262854143,-0.278996568848664,0.0925300821121076,-0.0243711880644078
0,1.30417991613929,-0.032493692672427,-0.0520498041838721,0.439174621766681,0.0770168553334087,0.32341272381654,0.219229890230266,0.014453639029992,0.169376807387087,0.500341697336587,0.215113832937174,-0.0331326788685599,0.0775398019795212,-0.266986609454102,0.113635980660953,-0.0224586684103997
0,1.42679397075135,-0.022367027919138,-0.179111058384681,0.420886928052533,-0.00642175490727058,0.31206734247782,0.194610423175256,-0.0396523111199387,0.18860877259856,0.518847639620547,0.188627657095505,-0.119516639189455,0.0736125006840927,-0.300326722088885,0.118487283118286,-0.0142260888048396
0,0.467832990987631,0.137807886177013,-0.0607621644168553,0.253877985817181,0.058828368095955,0.32179772860683,0.0276196242174179,-0.0409666889830457,0.221186470153811,0.441447450223137,0.282089812360978,0.0327076198804105,0.0666194561788895,-0.247222848100644,0.133925331528923,-0.0230201378279778
0,0.65928332544052,0.108815258957363,-0.163382662755538,0.227932440595304,0.0454521315175827,0.400291342924429,-0.0575161883729375,0.0411990285784433,0.15233654063628,0.447526375918015,0.316494837629263,0.0284608759335404,0.0611364143999625,-0.273368727472626,0.134092238664993,-0.0668364203618963
0,1.23298988955563,0.201469826542252,-0.278622889744002,0.514000188421526,-0.134508644937401,0.329753902661185,0.0576768907950242,0.0473364334399183,0.212828432983271,0.410493179776926,0.254077599398194,0.0350117412991838,0.0905398456077877,-0.294534540994067,0.0996832020871626,-0.0643564708757582
0,1.34968330217728,0.190105498856992,-0.269858296937048,0.491185812575635,-0.0851539383837404,0.467162993319564,0.0786614374967921,0.136709539825343,0.213428075196138,0.498881412245858,0.270172298175431,0.100132744776375,0.0887839290905909,-0.256213197349074,0.100150170822183,-0.040983959433559
0,1.13488436122682,-0.0159533326495638,-0.107152483625999,0.271999799079863,-0.0701474249824593,0.312508517728047,-0.0234970363817945,0.121565384563396,0.224647582878245,0.433839071338744,0.237605155523826,-0.0769541513174112,0.0838173537622312,-0.268796923972903,0.0682805663302803,-0.0237016328041809
0,1.22677943944217,-0.115863588111523,-0.0182045535339835,0.185434108320738,-0.0296281608415283,0.323701052374631,-0.108108778237731,0.0888893617658543,0.2353764862099,0.455913976361542,0.310664725259415,-0.13286241736714,0.096011105803195,-0.303610843467473,0.095532815300484,0.0113059252219663
0,0.871340157799723,1.07460430156536,0.266408258321543,0.375513669717667,-0.00118093227241694,-0.0879763829819782,-0.293947733605459,0.279454318182434,0.463382638229666,0.431125497408177,0.0412461322686808,0.0624390293993349,0.187440541481279,-0.013704044338434,0.00993134827793534,-0.0512021317480981
0,-0.747563538365893,1.01811794804249,0.425063883616232,0.0442097535866873,-0.106863214721012,-0.0507211964855049,-0.219075579397172,0.259688119348279,0.532413793572739,0.328683929902846,-0.0301725387558981,0.170354415822502,0.0736430190928856,-0.057517737001203,0.0155339602345958,-0.060274531809918
0,0.424765852575664,0.734990334845975,0.46455192685195,-0.0464265134709296,-0.021561924002725,0.114611333894542,-0.371764104667162,0.366883593339827,0.52259485072922,0.352324465725259,-0.0634497929889102,0.212467669902945,0.171911008535756,-0.0231112693524966,-0.00866555104975715,-0.0495772114988432
0,0.61005979160271,0.695177832122139,0.585161080336464,0.354670398847008,0.0932210276556946,-0.218945864608069,-0.0631611782764055,0.414668817142982,0.554538209343965,0.317154193028784,-0.0401364432036147,0.205532299202512,0.171534299529844,-0.0027368674723796,-0.00731076203952695,-0.0412074174449298
0,-0.0944214459056305,0.151177011250075,0.216276349380018,0.0896841520809452,0.0728520721002236,-0.149905058023073,-0.369744091527336,0.284825170558641,0.47171094728542,0.360055245140121,-0.0995678168406262,0.281248255134819,0.203545411693302,-0.0387935004302871,0.0442286082950462,-0.0417013729783018
0,0.517435344566982,0.643135274995044,0.433031285115707,-0.0491002408619005,0.0133382776973575,0.0976906707714759,-0.363669537544776,0.327483981164596,0.488106031340128,0.356164113823157,-0.0586650627900445,0.242789394319908,0.177760100574118,-0.0204636119214475,-0.00240953179809712,-0.0578915138474247
0,-0.0495484528959189,0.139464977578597,0.0713440822666116,0.045788764588131,-0.056285127080301,0.17628908308687,-0.112009114383567,0.28677487437256,0.46620576071957,0.300330089539347,0.0330809487371757,0.217001441426538,0.134096712554018,0.00539650634426085,0.0169596486745969,-0.020394506873958
0,-0.981020308636896,0.953992734135207,0.393743412050403,0.0341558655092091,-0.172566162506173,0.0426844285433272,-0.177272585499893,0.154139368840885,0.670325876347663,0.38567467984455,-0.00802677330106986,0.22722626639071,0.226037425496294,-0.0285489031541358,0.0150100408445698,-0.0458012354185593
0,-0.888957453461867,0.871716941160367,0.478315545344624,0.054546025853107,-0.282604395677844,0.00717972018702111,-0.240518458791087,0.167592641927826,0.666514706737056,0.158821777387055,-0.0326141708171173,0.0622577093492063,0.193688535924934,-0.0200547695093241,0.0159842013715637,-0.0331773118924546
0,-0.198724485408101,1.24805995371647,0.122548460154307,0.455698554008155,-0.206764831988733,-0.102818909900807,-0.113298430348032,0.0679170822501491,0.755486079220897,0.441009276261699,-0.0867112589292047,-0.347933691772793,0.366776326722074,0.000657923689486056,0.130428059233043,-0.0486184212123452
0,0.622341892455906,1.02295200244968,0.205439232632237,0.66142930826799,-0.13108438745872,0.0150459154446317,0.24896745083204,-0.0844383265408492,0.767542094394476,0.446147090705497,-0.0631176322840239,-0.357329490267132,0.250904166225829,0.0210197542074883,0.131252646247189,-0.039354823560003
0,0.00119034621621321,0.932667540288489,0.585228428004524,0.275951909210795,0.0914909617526329,-0.216210894683697,0.00390630065407796,0.0431470051546679,0.792337401817703,0.512091834922083,-0.0275315135657598,-0.37422095666791,0.249718847877402,0.065698028641983,0.148047358211329,-0.0493779881901271
0,-0.0758974329951346,1.12875799643839,0.142548535025579,0.320047672214213,-0.159252251358496,-0.137538714127016,-0.103266128806856,-0.0104284199657262,0.739793378045075,0.417474296274005,-0.083988528384039,-0.329656197066895,0.292155155025992,0.108762967094557,0.145797756030605,-0.0243545838505991
0,-0.0266689780097099,0.946563663372527,0.367521063176231,0.244985252924681,-0.0897065231566666,-0.0757922797522202,-0.0582788588690265,-0.0228995998989994,0.764769983522556,0.41178325910476,-0.0826207341172148,-0.353371687168035,0.259741632448254,0.0631580133271698,0.127500834123582,-0.0283038897649201
0,-0.181681502715703,1.1371558776158,0.727518602866998,0.368560665888182,0.145936849626503,-0.172551625825837,0.00144344785758452,-0.0174779339515527,0.855471581459785,0.363162377240584,-0.0522123127870153,-0.415905628012175,0.308482655091743,0.0362638438279443,0.098051029388578,-0.0268218608044615
0,-0.00362289886978583,0.417051966827772,0.140969642149485,0.161204910013208,-0.117721232407301,-0.0787760017856889,-0.101163558563057,-0.108344953046995,0.792601027360701,0.494482744561121,-0.00585290544703837,-0.323177813803396,0.186804850874732,0.0193343523756567,0.0706805203986335,-0.0610748361909695
0,0.619242778213969,1.26871402700315,0.568814013111633,0.198041543781708,-0.349011558169727,-0.236716837492815,-0.0981753674310725,-0.119386210429917,0.813730061770301,0.487406804374657,0.0207575047269275,-0.24521739886769,0.216668485961924,0.0321186009791952,0.136727532102784,-0.0234607267908705
0,0.682914972914223,1.40351344001916,0.573643999787587,0.193421785954602,-0.323196080236119,-0.235425164336823,-0.0894745030854943,-0.020193849785348,0.61637544178949,0.545969355034978,0.0123329957158371,-0.221433098203242,0.158336751838299,0.027159350460829,0.146160400170724,-0.01865934303681
0,0.137662023401852,0.904059821890894,-0.0846510465812937,0.425476872739418,-0.0550508546814805,0.327782188743787,0.0842617144035055,0.0887688964834379,0.282782113172802,0.486386900542517,-0.00887810575947845,-0.184394755803453,-0.102889858649569,0.020208779737648,0.0596556521911566,0.0238691819101509
0,0.0117446576534969,0.90155558383016,-0.084899041762524,0.491057284394768,-0.145989865667773,0.350642608217668,0.197435410517836,0.0833438498194383,0.262000002431315,0.514652662557541,-0.0169456256581122,-0.232192578592579,-0.167859543117847,0.0141855818905266,0.0745620356483211,0.0232520180566352
0,-0.716284288858024,0.910532704236413,-0.0433759318907572,0.449133997463708,-0.153921341183356,0.290107314371959,0.287797075942662,0.146206706914684,0.403973047872838,0.565042268370411,0.0024321466097234,-0.187030693324528,-0.0471660694149061,0.0442521768077636,0.0666015751537518,0.0181110459006766
0,-0.115449206055445,0.322402052102164,-0.061829956465519,0.528770168673478,-0.182196078105675,0.17708181027113,0.209091006131869,0.0896225964570271,0.342250318372969,0.479622051113089,-0.0794527676888699,-0.117963006031408,-0.0516113921972533,-0.00169655816727512,0.0831540203048431,0.0283684201183851
0,-0.654852250656127,0.791579972069175,-0.027584585247149,0.589796519131756,0.0740404083419201,0.24217965601786,0.168173103747586,0.148664727815068,0.377708119779431,0.499775629508513,-0.0421189077939619,-0.156856116137846,-0.117249969369584,0.0328344288622641,0.0726458777351173,0.0215348100914345
0,-0.829636333311452,0.935963829917249,-0.026363136979975,0.57240216411498,0.0521230713879132,0.385419764733402,0.210098857198481,0.116283302748226,0.31625635529947,0.492348133613022,-0.0611765487770039,-0.203558794743354,-0.104451757034218,0.0315287223109612,0.0753770450334404,0.0265359840226144
0,-0.504710150322332,0.499068395838933,0.000994035653019572,0.622792678255121,0.157037746394101,0.432503323933654,0.227195701986172,0.0498836003771217,0.346417239455966,0.534612513294852,0.103342413307788,-0.181299590744196,-0.118621205020846,-0.00101627836538144,0.0766461562611974,0.0213178541765989
0,0.477537484745503,0.729152485770696,-0.0720468101747802,0.616937799325334,0.0289963331431017,0.36693536888074,0.174337058529784,0.0692604443994435,0.346195387635683,0.618920668983764,0.057524678596186,-0.184440439687836,-0.0823353778037411,-0.00569278849503657,0.0668317280745289,0.0232293004614795
0,1.07451295182179,1.011050282481,-0.144117587045266,0.58677225605283,-0.0309764483419338,0.348135982247151,0.196260906191206,0.117258045275931,0.187314370076939,0.607585528799444,0.0176127998868157,-0.227162833549814,-0.0526946591345575,0.014464436895492,-0.0088805351219634,0.00494885148069036
0,0.243861007650498,0.0772241966875965,0.292538650915631,0.407431088549331,0.452404696900583,0.46561317344939,0.0968903459852963,-0.186088621226122,0.285968965955486,0.173551838170879,-0.0252379001652763,0.353927447934682,-0.152837522851735,0.0162449421097024,0.0787679419633141,0.143346243766027
0,0.518344492514625,0.181661549700483,0.254148303691898,0.454427326228112,0.411846586528376,0.358261120068851,0.088976430841553,-0.102754297999067,0.346568723019142,0.223940296520723,-0.0270451401631424,0.331639720529124,-0.143324884118287,0.0344956030265344,0.0860425317442236,0.140773200064678
0,0.0586624854202827,-0.277413985536622,0.368989599931461,0.466501944982393,0.290556226915979,0.508554696986457,0.253208306823674,-0.130127993798075,0.365982532297926,0.232682976620256,-0.0233602155509561,0.347916812483028,-0.147340270898128,-0.0569339095628909,0.0402692134466487,0.129925627519569
0,0.738365444636473,0.19756349019234,-0.259655470912039,0.594316509640754,0.427661197550747,0.513381894781555,0.284181885758559,-0.18192318097964,0.216630799043433,0.264730025493596,0.0290082004483312,0.35340939872353,-0.150896207398218,0.00270345959836345,0.0342644698816119,0.158039033458889
0,0.615606026971023,0.316979641729551,0.283118659761013,0.403132508674947,0.373044780699841,0.457637384886543,0.208263956368249,-0.103811304106149,0.25827095757925,0.215245481471704,-0.036022208015206,0.334129865466587,-0.160514019533964,0.00733517596851721,0.0942496314828234,0.149620694107142
0,-0.0202650348164947,0.0734706377183434,0.250343377353773,0.31823233816783,0.318998739372794,0.36043995239693,0.118102036751002,-0.0911544008454396,0.313498617793272,0.214174805763909,-0.0331991892422364,0.365631278748685,-0.164413312141843,-0.0512325002791896,0.0485341340903747,0.119360504822158
0,-0.711888024416557,0.474839958821427,0.241092058623778,0.645028267274595,0.386401478527879,0.481242663720266,0.152288153898036,-0.146475336257015,0.175956065061968,0.257733970442691,-0.0675412806027166,0.407972127810223,-0.165001550649766,0.0240617470768976,0.0861692844539042,0.108589137939608
0,-0.74259268863142,0.354522205931997,0.568813468722476,0.988068305880249,0.382545523829032,0.618174919316722,0.150458690030455,-0.192055058913015,0.067124366380251,0.466818421925926,-0.122463949500479,0.617650294038165,-0.046479819182497,0.098528024798871,0.102107492069442,0.0378353222693565
0,0.260273298013949,1.00789090215032,0.829025430147853,0.340555858513713,0.253570146013318,0.326680172703833,-0.589609154289873,0.216689097557101,0.416654274367783,0.0785991881666491,0.0249375905044075,0.246572212439368,0.142943578912963,0.0996418036873779,0.112815392168214,0.0671937597583489
