trainData1,trainData2,trainData3,trainData4,trainData5,trainData6,trainData7,trainData8,trainData9,trainData10,trainData11,trainData12,trainData13,trainData14,trainData15,trainData16,trainData17
1,0.0378210272575026,0.367234221389802,-0.0954038370132639,-0.0935914195318782,0.0942595147023498,0.161649276154067,-0.350290995318649,0.394685146857765,0.285149193173611,0.167708450532489,0.122991870679425,0.322199558139566,0.143919035522823,0.0281211345568405,0.0843181519271402,0.0657344050789649
1,0.00957560503355412,0.480966660239743,0.275311450961683,0.356133226503918,-0.0384429462049269,0.534658211081941,-0.514646479859174,0.0641116056956293,0.240776671545223,-0.00679242288515937,-0.154583850296209,0.305320117757263,0.126429919364769,0.058813058291148,0.0943514072143396,0.0458812379506846
1,0.0608771247150226,0.788658465083609,0.0739101095193708,0.494865363467631,0.10851215992644,0.402769180510801,-0.612973567397302,0.376768199047968,0.377210454688196,0.0637891306691858,-0.0611870963876537,0.245016776474933,0.123346971221894,0.106582185273319,0.103647056732815,0.0689849436758524
1,0.0480937959605716,0.856304949712515,0.134347875252712,0.26759074323418,0.112918024598235,0.281130436201813,-0.597661455099903,0.448293134176239,0.311213776429416,0.132271679273303,0.00636719434819176,0.376471458549962,0.00237435186840816,0.0606348917417826,0.0628212364326589,0.0598585809101734
1,0.189853747868995,0.813649303173411,0.183992212866619,0.48371991431451,0.0519673233345292,0.35620454300842,-0.634819552935177,0.294959506723924,0.474550154744998,0.153669045153493,-0.0581981420055672,0.267059071839527,0.0237296086303322,0.0850693584914408,0.127129390521081,0.0857131033807757
1,-0.0338302271247229,1.01304771646807,0.115860725430463,0.44885297507951,0.0612691409628032,0.369047126419736,-0.709540786991155,0.316887873737427,0.535076186885403,0.218555328204869,-0.0163669945264225,0.425221608975344,0.0958529997341843,0.0842338486411733,0.140327094340303,0.103920205782214
1,0.252488353934798,0.618815235868177,-0.106388358973066,0.133019720585198,0.204116978571606,0.174350792771358,-0.48838231420006,0.580603485210339,0.337055761768936,0.096921229616059,0.150940825110926,0.222145690954816,0.00997161474168841,0.135375256672615,0.0225346449019784,0.0433974642122195
1,0.257868591321659,0.55803949947312,0.384445358484845,0.52439939953251,-0.0372430576827272,0.595614025613337,-0.622252912641093,0.342978092151862,0.405782339529367,-0.0293494833806763,-0.196191473111148,0.184393957794542,0.0445653869934241,0.115099209848745,0.0227992080004621,0.0213297921193602
1,0.1314588117406,0.599704157578289,0.24827663864078,0.4645305385504,-0.0516611844811166,0.342766226353269,-0.514082274166466,0.191565159475429,0.536651208048621,0.111463137729278,-0.107770218646346,0.213672971050466,0.0616180523319636,0.11889626533265,0.0768331888787514,0.0591931654043768
1,0.00436403124808826,0.637114739452053,0.37087194997579,0.488448513115821,-0.01706062311571,0.503991817038932,-0.637981008085403,0.138291597892242,0.353387285230795,0.0498380305283905,-0.135626344011353,0.196420455462035,0.0878356021932414,0.0407138354832545,0.0692676831750958,0.0464539220536194
1,0.146916225855382,0.616218176354048,0.472830389161176,0.322113009200738,-0.0334919305502463,0.199962546432332,-0.491575422230299,0.0691752733000263,0.390886854527196,0.133832080352925,-0.0727854900602415,0.234864100743531,0.0953600042000699,0.0369369891067411,0.142855219686782,0.0804813142483859
1,0.238853294252722,0.943434078763619,0.0275180856662419,0.502279575602141,0.248195582868948,0.162796268096163,-0.684513811861423,0.569828927584246,0.510596245260212,0.155661836789559,0.0602656711328524,0.182580858226662,0.127738129131745,0.074747385720624,0.189953091573746,0.0943247153651482
1,0.0826828907716486,0.764577442823281,0.337232188968855,0.240500510639585,0.0969259817031018,0.38781654800337,-0.684475157054765,0.319872527359775,0.333997408830738,0.176562060770944,-0.100973798544077,0.297002368298915,0.170498690208579,0.0898056760567092,0.109804358199135,0.0725655536063939
1,0.0539859571401581,0.979551153486397,0.328389803542125,0.350956779706645,0.0983077576442947,0.601123672146426,-0.878706470969258,0.321201415574684,0.437114209225543,0.214047286127231,-0.0690764210791261,0.351760716238741,0.193349986972079,0.0752151424820872,0.129465509499639,0.101787692609692
1,-0.000466032862414949,1.02517840175968,0.208327503892956,0.480550168671231,0.0356411093234113,0.458664239750192,-0.617059385666603,0.333179806659533,0.318165438124075,0.0542285395972099,-0.0562855340278861,0.310314580668425,0.030510650788446,0.034430504770654,0.176800540742186,0.0492105020255846
1,0.00537170320344378,0.865000121644264,0.386528135933795,0.375433227294869,-0.0223609192869609,0.321254372816077,-0.570319476988468,0.232205951325823,0.406226929231608,0.109174892436308,-0.0330757711571066,0.249495529861319,0.0676478326350615,0.052496352309499,0.163556169605036,0.0604089180277856
1,0.0926201818412639,0.736064461801583,0.371694294230009,0.341348235008313,0.0175835991459082,0.51502550398878,-0.689080627604044,0.334430210632136,0.40334631713999,0.133460661157442,-0.130953762901795,0.330453133583983,0.22795624354002,0.0788983138156042,0.069872790097141,0.0546926834711803
1,0.00442003396329811,0.828670286156388,0.236697478583707,0.301159022404558,0.0323623201682078,0.466164489344949,-0.644063913369736,0.306499484195781,0.378110409196656,0.188743295664762,-0.0929264149504328,0.276512058669769,0.143980576410945,0.0836772746581979,0.124371034576413,0.0623984436722807
1,0.461003673784834,1.78173051722273,0.694031687752164,0.171571294625186,-0.231684406846827,0.489358115845539,-0.355767382895431,0.413987847378797,0.37607471359465,0.0280871065924635,0.138076375770261,0.172666570182236,0.204499546410286,0.0946118631002582,0.141172151854906,0.0182023250059751
1,0.598167466927934,1.71086142714125,0.937580267006503,-0.0205645246495835,-0.512430634898446,0.312249224763331,-0.0419055130995849,0.523584664654028,0.395631141017411,0.116871313843579,-0.133832631844138,0.296174770278405,-0.0673441518197248,0.0700903136436544,0.143071460723362,0.0672599207908852
1,0.361167571605582,1.65568119482189,0.799556277820024,0.100636428548766,-0.385780347137552,0.555932402596561,-0.323375784641614,0.580085617201636,0.483817046385995,0.0455570506148787,-0.0654197244268183,0.299507046498286,0.014577171113392,0.121839374883915,0.187808928809617,0.0323703567892169
1,0.323707159432869,1.38169073705128,0.66820830736891,0.213184886113329,-0.0645799893627381,0.790941593043028,-0.676746697620643,0.403400496310605,0.153037521768512,-0.0392258351308238,-0.0646600843906101,0.297320298774562,0.13861710478862,0.197431573875647,-0.0140719767694167,0.091368106693061
1,0.214983408671328,1.80967848459146,0.620742796051094,0.139403601898326,-0.159636847198793,0.577579648044957,-0.510297058885796,0.73730514908422,0.345848727611036,0.199774642465844,-0.1074752499279,0.134427938400284,0.154590123140514,0.0825764308131162,0.114222026119377,0.133420234175409
1,0.986988785003433,0.85356117440329,0.562996386991395,-0.193402620826816,0.205574575957681,0.822834451934685,-0.923093336745911,0.0758100831985608,0.12092449989579,0.206821851515847,-0.0146949537366841,0.260073422337774,-0.0410435875618724,0.200296931865802,0.191760012075498,0.0526916991288851
1,0.880608674621916,0.585697280761428,0.955802635225272,0.252921491700784,0.143553904849558,0.237554452321598,-0.802780549809345,0.183108509397965,0.433592214800242,0.0958929082655027,-0.237525260739786,0.236573424119029,-0.0687318990523934,0.171713978775974,0.125095453548786,0.0476939228342915
1,0.689149131205987,0.605024516686854,0.730078227831369,-0.151378577163522,0.205950363756945,0.23715804645846,-0.621628001278555,0.117556448377208,0.0652685606684082,0.1302645589703,-0.0892143201124931,0.304697066826533,0.126982754580879,0.0211191213980043,0.197963381112615,0.0934959075507071
1,1.00106342390452,0.169503862098216,0.543009675029989,-0.107473700078496,0.215380698310225,-0.0398050487194084,-0.506916848243852,0.389067742058617,0.448033363320872,0.155577719355384,-0.0177721644695625,0.119978585715528,0.03297617146965,0.0019230709992726,0.102074271088389,0.0474277711014339
1,0.9309671051023,0.603415876170831,1.38214957940506,0.554592786195302,-0.0508003450883168,0.0170371861514673,-0.729680542731768,0.389644369431921,0.150608842306137,0.233709351145554,-0.142941958578512,0.355050333144249,-0.0362827923372592,0.139578861542687,0.0639799134236268,0.0628547464545395
1,1.03955543159474,0.298659196027432,0.760123880891743,0.0927901097162233,0.0949039124748393,0.584161212221294,-0.9370460803204,0.654486272200554,0.534755416613412,0.301843369714508,-0.000568248087032414,0.196729256152645,0.252377161878502,0.051490107106499,0.0739248940918299,0.0697197053054194
1,0.855959252942914,0.288462834459659,0.719055742836047,0.460728415585493,0.0760239064279198,0.172287032606885,-0.557234348380373,0.544200216725109,-0.208392213711217,0.115872941171148,0.190284146301524,0.358593238048589,0.183213397538797,0.0778812509671079,0.152142675367959,0.0670409037865275
1,1.02035430197469,0.577277616790184,0.880158633413461,0.375039124479899,0.0520322014049758,0.722879029028424,-1.02626952798655,0.545298589846336,0.192420554947801,0.291079660657042,-0.00415238703408924,0.352681634586228,0.090381674243682,0.112404513751728,0.0940102597948395,0.0728744870899756
1,1.01138855837621,0.54200669471517,0.834546652991507,0.738492250538018,-0.173395469359999,0.466738869159899,-0.53989397885265,0.384972482040499,0.166739274570862,0.211812215803022,-0.0613306933402939,0.186574316691413,0.221643951982577,0.0606439381125997,0.141471734244789,0.0968563563994796
1,0.973852861586114,0.627744206103564,0.805641386621508,0.892608847965912,-0.334446818929293,0.221141516586329,-0.309367316946991,0.23299241547803,0.359781245446434,0.344695329030494,-0.0972838895171599,0.117337515906437,0.213232908083249,0.0947151158074263,0.0840070620459642,0.109619263035593
1,1.30792074147013,0.551815327101187,0.826697423599093,0.865894793330537,-0.304250785623961,0.348769822147351,-0.614633102807137,0.205334403192244,0.806189741111185,0.230908620048572,0.201913895135589,0.391500961680967,-0.00288186223599444,0.0731718677595098,0.0600927126437369,0.0527773057886099
1,0.730516098569826,0.467211294879919,0.681917495377673,1.03926964962856,-0.0611763781035179,0.434796689420829,-0.638887635011707,0.394836154536923,0.241240499739494,-0.124273350853472,0.0473196354074009,0.209116176219614,0.0849721445867327,0.0870806678928244,0.121491553713186,0.013984647432386
1,1.02747758829432,0.340695829615541,0.423700280824675,0.724556497305491,-0.335960179218503,0.454851366011966,-0.39361645321608,0.322340589684368,0.290612324042948,0.4753091276803,0.143278427588031,0.236623409840936,0.135453059685944,0.173826019763304,0.206662948394866,0.0532657279014197
1,1.06184646781555,0.843194434255766,0.607111665722639,0.585701764227173,-0.071390929306883,0.739518194517185,-0.678201948775709,0.133270868702297,0.607372796428866,-0.011449883440723,-0.173435486960396,0.376134210710811,0.164169166900409,0.00489681187977877,0.159230976822774,0.0991279041135062
1,1.54340207010123,0.879221254832988,0.679644610647554,0.201784784738473,-0.0185298645526219,0.728072045364018,-0.558479754989401,0.218739527838829,0.389601848837357,-0.0408889069721233,0.0170149925713448,0.233913792993841,0.0976743022213662,-0.0534016456565685,0.158192414688355,0.00730478542321425
1,1.02838868986523,0.484408302002516,0.655166978486298,-0.321046336632113,-0.0757167611576905,0.169817675228563,-0.305133946988971,0.0441755757299256,0.490397013761634,0.3545264829612,-0.158176288986642,0.388081675635831,0.266221941001287,0.159054633329174,0.104254062011839,0.0886293828180209
1,1.57480093002922,0.316203684077295,0.717654330592944,0.0678070632896733,0.241842640479341,0.470143447183998,-0.855276460167251,0.567607081892567,0.701419589809773,-0.00463454658227074,0.00232331750076205,0.0813626869727174,0.0117992350548662,0.0394625777912067,0.141181063993027,0.0892876679846723
1,1.34766655023431,0.694180216183413,0.509674745875357,-0.0488533855294527,-0.0367099951223092,0.835328329826837,-0.65332271761378,0.155212806880142,0.49999601530407,0.213704195781696,-0.00567870602147062,0.277064052093664,0.137530420484791,0.000937995642058447,0.0493718496891957,0.0663821862717112
1,1.80736276811283,0.407342324161594,0.24587427486949,0.165857554687829,0.159414712186351,0.6011101205864,-0.505613926147413,0.379949886704928,0.58717401704452,-0.164351164602163,0.0736537044387711,0.318167635641367,0.137658801376517,0.207329237030391,0.121945458178587,0.0682971742504429
1,1.61960628138049,0.497519532254199,0.379325934689188,0.445359608985404,0.226353187496113,0.249955763764471,-0.313707689019315,0.465355925258487,0.305790094363445,-0.347282195108275,-0.112940622202231,0.322460494016213,0.135393433089355,0.122920250179647,0.118822011907301,0.147288996525898
1,1.70439860601034,0.49939677212099,0.493894963352597,0.109088307627562,0.102301767927523,0.132805047809399,-0.250353302669796,0.249785757986513,0.494683825026231,-0.0685049544399287,-0.0296259768272553,0.271737927286538,0.116566151389605,0.130751180750858,0.106090884979377,0.116357256059984
1,1.17102795459243,1.33459171626718,0.616456014549566,0.362680211206236,0.13786025218463,0.163855417214176,-0.56651107939871,0.462013092147007,0.402254764204261,0.0583917063514995,0.0587593645638571,0.409129909544496,0.217386517825411,0.0304401894117151,0.111630122603043,0.0222942488050679
1,0.891518065395682,1.18900852575407,0.324105584041503,0.462777875275348,0.228607450733069,0.266600931364293,-0.697169671943829,0.432506032008477,0.464791458053643,0.223220608908222,-0.180077010501882,0.256582705915747,0.17980054542688,0.0949389100472416,0.128629044320534,0.0547875575196953
1,1.09522840644428,1.11689952236362,0.474648774624122,0.462286645193821,0.155769611091772,0.237257458657886,-0.608794430560751,0.234082522474334,0.355283307633256,0.19717660357012,-0.208849630959054,0.235404362453771,0.050022397338972,0.0340392165782749,0.0941815791094579,0.0354708329033006
1,1.11004354213134,1.2588326470509,0.206743230385605,0.480412817614161,0.252575547913941,0.328068641826295,-0.598292938141737,0.374658540298983,0.36344753275555,0.115887752332024,-0.102900199479719,0.186719854826908,0.20548458362156,0.133373281821638,0.159605361864627,0.0554105387887455
1,1.07155088069251,1.19621858862293,0.278059884139825,0.506093679646947,0.228377826140642,0.249413806500865,-0.567019869765231,0.350128359165273,0.398714817615464,0.0831303008906355,-0.104226855146078,0.258867839664603,0.251379056711665,0.114153405881305,0.180198200639916,0.0513074491783299
1,0.938459378617419,1.05301759002481,0.344178461550776,0.46639024261121,0.258551521715197,0.240936237122306,-0.657775028548203,0.439046118232611,0.441539771634844,0.096463762324978,-0.186355167234378,0.254813850142772,0.213917318478493,0.164340416596265,0.160144921955564,0.0189267573333296
1,0.891285000405625,1.08576417893774,0.488880516587311,0.479475112888008,0.275497561511062,0.0976160744828774,-0.737249134552847,0.43201960675364,0.549374790322652,0.107579041266142,-0.121547803890667,0.269365361223491,0.120975707393294,0.145277114628883,0.134549291084117,0.042712107374931
1,0.953026337418214,1.19352422679062,0.364701975939262,0.481121702853552,0.204643666397786,0.261834127269642,-0.623178329301136,0.160125541268596,0.293073709350135,0.153905125627398,-0.117929974831156,0.217614140033807,0.0638838458502429,0.0410095764670798,0.168299545248521,0.0670396838259423
1,1.19879027624917,1.36394269478968,0.548823186889139,0.505065951127264,0.129432366936185,0.200807224552741,-0.566402511203436,0.341807764220756,0.396283388702164,0.0392042919219814,-0.0513022932909376,0.480901433108275,0.208252582139125,0.0212267975053155,0.0854785822266723,0.0468782661533924
1,1.36554576692345,1.49754694518877,0.519454466059262,0.278414733543446,0.174582756781422,0.0973711628080184,-0.594068823656994,0.229828948492276,0.421410670965078,0.263487430931325,-0.0202499538728291,0.442218235143844,0.0793247094982008,0.102255454301115,0.0568241733542219,0.0443800054896717
1,1.12448732838661,1.27602562200381,0.604217735595053,0.206698813173455,0.335488888907802,0.157372505270381,-0.880548813378458,0.453219248397828,0.482682778168211,0.280659262740921,-0.0789044173422943,0.304200534183499,0.0918567511026739,0.0994424183490892,0.135484736568072,0.0488424611804929
1,1.2279349846811,1.32387359063555,0.676899691815035,0.419011735007934,0.323663927989392,0.227981202602879,-0.801284410129621,0.329703182510133,0.200683591208875,0.113434486557453,-0.102339620367018,0.250265988200647,0.0717179893265606,-0.0122534635597968,0.0876893891779257,0.0553532662447179
1,1.32993041784911,1.4464297044965,0.279253602175295,0.463705142449023,0.156219250884376,0.413379390223076,-0.554634406038131,0.253922365912036,0.300094516688969,0.0833673951327293,-0.0101513517443207,0.342122087206403,0.174052302688434,0.0848133462661251,0.0213263054419693,0.0680530086844009
1,0.978890681965714,1.11388069938941,0.339036021860778,0.430774209273438,0.264242607278414,0.317268986953486,-0.715045543625231,0.366634785620726,0.394083594194604,0.137675797389242,-0.096100317532761,0.181709135796876,0.160212156835074,0.118803884751906,0.122120641617538,0.0623785949611249
1,1.38426973297922,1.46813717734251,0.08782732859786,0.395876240237738,0.174564949365404,0.295403807367218,-0.447507402324863,0.029801678622377,0.272820354608291,0.237229815401583,0.0864908324445898,0.0907747932634682,0.037327479310887,0.139053413311871,0.0686672536927186,0.0692909278397549
1,1.30653865745806,1.27944757720044,0.290127901954813,0.408966581887897,0.14882066805387,0.404029930969555,-0.560943653350146,0.117912380920615,0.352186269395831,0.183809644029793,-0.0178056514242304,0.169821876624098,0.146117690198424,0.0777388999532962,0.0963247106688223,0.054246262469541
1,1.33675235510393,1.38841663364036,0.203032562135699,0.416008513272437,0.143892785876682,0.430454224498736,-0.503155140251156,0.0739098491770631,0.249377222365586,0.130612403818109,0.0343480584849402,0.17401419525864,0.0378943383140682,0.103253055703908,0.108002210045068,0.0852099242104511
1,1.40896353809557,1.35967290156931,0.259648556428924,0.333786050504182,0.180879253900279,0.50927124548338,-0.642908610249037,0.149758481018124,0.293216166789964,0.186517989812298,-0.00761954708504823,0.310059399572914,0.117158965595671,0.0730718360882973,0.143470503288773,0.0650130249756252
1,1.41775936838162,1.39253387236327,0.203738051153689,0.398597702907984,0.235383880075029,0.574404322644003,-0.6590161510623,0.127473281133521,0.149113437997094,0.116837082400535,0.0361149399577209,0.229841027886212,0.0834538309567243,0.0938728211569505,0.0979992352233313,0.0873778378032805
0,0.430336257121164,-0.389230172830883,0.184727298170747,0.639437135832798,-0.576299122324857,-0.100162902720041,0.559036102336757,0.517502753937774,-0.0243962292918589,-0.0473540448541021,-0.199683072811482,-0.0697774878936275,0.0338923607846163,0.063130351724112,-0.128426339809006,0.127670576716212
0,-0.694134873328671,0.191445810162241,-0.288866490365763,0.635263563381832,-0.357251036180192,0.162364501862729,0.393683733274416,0.507393282114627,0.0851459490627349,0.111051505280317,-0.187268805885248,-0.109898404258682,0.00432034203545141,0.075950535891871,-0.0891162921949322,0.13922483053827
0,-0.900277839445167,0.361023953340809,-0.483331676759071,0.752314852404949,-0.502915694734523,-0.343083466250882,0.386672339391059,0.524641645880545,-0.0700318846271155,-0.0306665536108943,-0.224809130260051,0.00487937018133296,0.0499308007773894,0.0523811774212165,-0.171620954054772,0.0570916197385493
0,0.654790019274945,0.149939899496,-0.402279599563074,0.410655269426052,-0.306289243741556,-0.111489830344051,0.390617730889889,0.455284717984643,0.0329840181910373,-0.0278702230641535,-0.181526506228759,-0.0233119718823414,0.0624317968660375,0.0766151172242826,-0.132686912813596,0.129755673076911
0,0.702371119702609,0.325045552284396,-0.411093680228051,0.318790984283003,-0.230369697080997,-0.0718012686854979,0.433731584705395,0.434135782745113,-0.0390184944073161,-0.0573301833171618,-0.222129453931191,-0.0712990063066354,0.0427853089582373,0.0451323743826111,-0.10619206003974,0.116866551145364
0,1.04066338381832,0.195081874507357,-0.528110962989052,0.692723920585335,-0.657125439442024,-0.119696957746422,0.264474679261692,0.580097355858827,-0.0250244171622104,-0.0780967263234449,-0.131027476340896,-0.0955844149783391,0.035872636351573,0.0795958502963972,-0.0919571749745407,0.134038869425127
0,0.192413225972306,0.329936446801795,-0.436222865705247,0.660168067683586,-0.503779708859005,-0.15178193665726,0.412163949210405,0.391589118889199,-0.0899072339759683,0.121815739069608,-0.101387035216321,-0.0790280049072442,0.0353823349266846,0.0721572375701416,-0.0623832471334622,0.121121726575894
0,1.01092497797999,0.559238202833759,-0.211336182642268,0.781550328414211,-0.616275564548504,-0.0880822173161736,0.411817192634713,0.287791315184188,0.00442764534037658,-0.00606315548062043,0.0472621266883962,-0.041967720835538,0.0333850750494128,0.0583439545303937,-0.0970061744777542,0.10850688779124
0,-0.639265060889031,0.334303185867954,-0.313110469770941,0.577421921318481,-0.389144332416409,-0.260366590668247,0.385474871474809,0.391016309401162,0.0290353866445917,-0.171223868731465,-0.150966469776065,0.00458763006461995,-0.0108748561073094,0.0625481190498149,-0.0661115329629342,0.156825752413127
0,0.634387722878978,0.348265227338821,-0.369270241326587,0.400048550583912,-0.341594364289352,-0.0877186827398488,0.478355562070328,0.406412372631317,-0.0413643703476376,-0.0786683596896002,-0.164037397252276,-0.0653653644992465,0.00820163939415771,0.0306786221332998,-0.115579625338087,0.121016192603055
0,0.82806322375022,0.154933891690352,-0.314206966250016,0.707611841658722,-0.226195860533299,-0.14582545069917,0.306521683850419,0.337153286907388,-0.0268719603249953,-0.0622411639161787,-0.187559250423402,-0.0692164500210649,0.01569118833638,0.0260466401813668,-0.13182108754231,0.130145480756059
0,0.926430232826689,0.344446526708445,-0.614545928448251,0.57559094422055,-0.125741140331634,-0.128831154259475,0.447756592110848,0.625592029701616,-0.0399742092208859,-0.0715906078963924,-0.156481526170748,-0.0731394005464612,0.0422083117409983,0.0705555812563839,-0.103116094146554,0.123907476824363
0,0.900189268876668,0.559077956078935,-0.190054847095914,0.574399152418782,-0.376640577231471,-0.1020045505634,0.30846085714448,0.602535708632194,-0.00989386720764446,-0.066772532634004,-0.159540539508296,-0.0648724412832912,0.0367381534073906,0.057457709426557,-0.11226066585506,0.130834235511931
0,0.756553662018278,0.23090560908514,-0.390167284434971,0.35481874685454,-0.512112136845471,-0.0826396223855113,0.303927892671804,0.509041273608491,0.00873806978505252,-0.0522026984330118,-0.1987981407642,-0.0552999957719308,0.0392337944870563,0.0639042905133141,-0.110138538146809,0.123376234066268
0,0.833381383163864,0.181168189816523,-0.513572018504717,0.701757221074928,-0.366403761655248,0.0241136752994787,0.517963987002459,0.505329121210823,0.0889872406905649,-0.027239448328578,-0.0732429364801854,-0.000485343773844815,0.0137217900674304,0.0456815936547279,-0.136368507131129,0.118172025006734
0,0.94537352033084,0.414682700134741,-0.387942498471627,0.672896468672472,-0.281411415728794,-0.12807697848418,0.444658239127948,0.467822239633294,-0.0182820328646106,-0.0571310607757162,-0.223365532832056,-0.100750851820061,0.0232742071947741,0.126889946074073,-0.0938909341021755,0.120174764087234
0,0.869198268111266,-0.0267071987749482,-0.466993250220412,0.60308031023254,-0.561840908292986,-0.129601653577188,0.155699079927938,0.468518182902091,-0.00293717716260866,-0.0642215212383204,-0.16680998249872,-0.0751219435310466,0.00423859027980738,0.062246837184356,-0.116645469915201,0.12269968649355
0,-0.44631500797505,0.195930709893729,-0.377873774761748,0.652634418765594,-0.390130023919223,0.214751421585534,0.300355037947282,0.477089587587142,-0.11741416847439,-0.135334050228582,-0.138027880457658,-0.0467821397870682,0.0506295438142457,0.0762193919873266,-0.107569478844348,0.129629729042908
0,-0.6263269122399,0.271449026335673,-0.368877969049855,0.601762515738833,-0.367021689878152,-0.0676383587097352,0.377889145016895,0.415498610648452,0.108415159039171,-0.150867863941419,-0.189558143338478,-0.0528723493301168,0.056332737983141,0.0790156021916211,-0.105556085000698,0.129669322678084
0,0.783354046940521,0.108440023829417,-0.420874628931663,0.727421417604941,-0.095315174321877,-0.153002934022008,0.370011209517817,0.443392083322009,-0.0291933255202519,-0.0468590639846023,-0.139141029250978,-0.0699941105928741,0.050443287798427,0.0660434885704955,-0.141721736704242,0.134614627148132
0,-0.492665796182173,0.50955267203169,-0.271774261674471,0.644484048376963,-0.344971462532616,0.110819063522821,0.0856518369672424,0.309193636741256,0.502438614294447,-0.186868553822418,-0.0101811642046789,0.0401246290493677,-0.0598392622987994,-0.0343200309062684,0.0588770991879713,-0.0091616754682971
0,0.765018857758616,0.86612737930475,-0.461051803643448,0.34385313315294,-0.272492111537873,0.191761976441399,-0.0197607544111364,0.507315475337719,0.411720327934543,-0.132480451994451,0.059693187600031,-0.0264515320495608,-0.0466118543994876,-0.0063826976911417,-0.0211562616574449,-0.0207599693491685
0,0.842223898017438,0.935751703333254,-0.539930773565288,0.380709105759702,-0.301027663131778,0.266655265389189,0.316152097749232,0.376851015895181,0.341586165593082,-0.205541210041793,0.0222719236104597,0.00197301004422667,-0.0160136160524377,0.0159297727892753,-0.00363324697936027,0.00546993612156909
0,-0.550352621512821,0.557838934443877,-0.637154868061765,0.271541947605875,-0.198195644989508,0.36872178693906,0.223034739400177,0.32099328257456,0.415273138751966,-0.265349260350978,0.00879357769340413,-0.026644378349452,-0.0809072108105228,-0.0291486715637223,0.0414820945776866,-0.00530097991618833
0,-0.692663457426043,0.801520749769382,-0.352457298842312,0.384005265264865,-0.261130840687946,0.428552298385144,0.104902267200191,0.309577090071894,0.392270938579676,-0.158807764351331,0.0319764301216514,-0.0962206463097123,-0.0622591409149971,-0.0281228211513381,0.0199221174103992,-0.00518967857983449
0,-0.829401654717371,1.04249719187041,-0.417118656406156,0.181427245100488,-0.196748430599182,0.290768007571773,0.109267515080899,0.341147028022722,0.414069903054381,-0.20659695315031,0.154366123845178,-0.0310077850173092,-0.0865301878444388,-0.0611341690411255,-0.0509218350319836,-0.00969203581166206
0,0.264299667585371,0.424600634626296,-0.435088491261917,0.390042113644402,-0.285773715045572,0.269892354209317,0.122300562594395,0.289686390471238,0.353157977258055,-0.264073046586413,0.05231912807804,-0.0545233074010348,-0.123478175128635,-0.0405892391447052,0.003228920154938,-0.0307677561965156
0,-0.162812507495912,0.124481195784928,-0.394074858770645,0.442505605220718,-0.233300816294955,0.291377486591991,0.0952758184751762,0.313488695184947,0.338868532877273,-0.193265350726406,0.09191672145892,-0.0384035018612833,-0.0757751172980962,-0.0280332065943078,0.014049154549917,0.00229718718904893
0,0.0304256114231866,0.970154526576129,-0.263774954396142,0.288000859925653,-0.297712550783819,0.250666760848401,0.116037031408641,0.300753010977398,0.304876814396125,-0.196686735296141,0.0745304954972039,-0.0375660441325973,0.0229591303079249,-0.113996743034361,0.0038278621577184,-0.0102616678604182
0,-0.996142944498347,1.22565636638502,-0.0297237738599071,0.239649959077528,-0.17577583028113,0.211624543351219,0.0785112540259626,0.33021659893828,0.238596723723863,-0.240265291005147,0.00178680654633627,-0.0146515299175995,-0.0389513395011494,-0.0407621314986577,0.00294315233057062,0.00167228389988592
0,1.02940191875691,0.906013065199875,-0.445729042718931,0.415879256427258,-0.153398386701493,0.254793843018464,-0.00547343651922396,0.223048674976632,0.409121802257153,-0.247441627512186,0.0709767528009026,-0.000275970966339319,-0.0548583364297081,-0.074917325816135,-0.0111688641963304,-0.0199853709807674
0,-0.779825591338655,0.766592488665534,-0.784844472524415,0.472497167008031,-0.330762551871379,0.346915730110171,0.0960340768593731,0.296594045157593,0.380977901511881,-0.145999559535452,-0.0308832253824918,-0.0516300762316857,-0.0817588291687435,-0.0452729658072226,-0.0354279419426805,-0.00545392723500358
0,-0.72305132645326,1.05543473433589,-0.184164941645751,0.357490312199341,-0.254339066074598,0.32257635561344,0.108067111499452,0.314989457342893,0.40772622314658,-0.162612106470043,0.063915361562781,-0.119394599382992,-0.0540070599466181,-0.045698953155071,0.00745625126053161,-0.0142545396639301
0,0.987221448280816,0.835100594780563,-0.332538642441122,0.159473824048684,-0.232456172617985,0.076530743717127,0.196248623854908,0.309535179285118,0.367138469311936,-0.147602049451415,0.0336693988639578,-0.0658045870149611,-0.152239107181885,-0.0499226729474519,0.0250872601380826,-0.023671206814332
0,-0.842205738500042,1.03938931145519,-0.31599660684834,0.441482581762003,-0.271462984670707,0.193865618699702,0.111035338624253,0.285289453830928,0.381788889672138,-0.167158526376165,0.140319258393441,-0.0680763654602404,-0.0841886788372479,-0.0606939911798362,-0.0207911999471667,0.00198528617475406
0,-0.181974901206718,0.327652023231329,0.229825225410955,0.596198135824982,-0.242857296713173,0.225919590091244,0.105755386245611,0.287757018448097,0.405506761070919,-0.129771843713113,0.0467261287564506,-0.159150002832293,-0.0314940558141763,-0.0452155426721791,-0.0366605914902453,0.00365035671361032
0,0.25271175748343,0.220394676195434,-0.31017573028923,0.378807046204526,-0.127096761992124,0.214697802935016,0.0594835034206471,0.252118537263489,0.399241188493086,-0.12470493652252,0.0954564585142386,-0.0683610553276106,-0.0765262710654907,-0.0711194593318818,-0.016192584882859,0.00451869192369232
0,0.878640032110901,0.848718614963862,-0.415794577932639,0.213943359247316,-0.309595473673151,0.182689154721009,0.0115710412449839,0.251228937735267,0.428955243881361,-0.106910857630147,0.0729187586161204,-0.0399360553320198,-0.0813897296998539,-0.0616393947563738,0.00978807138448623,0.0128509604430495
0,-0.773599558939898,0.879512438999546,-0.42472842226209,0.328233530155278,-0.247612335799561,0.26877074524715,0.0984047163057464,0.29475173930882,0.417691485440351,-0.162918418685339,0.0155085271192029,-0.036733245158425,-0.0560137566722956,-0.0446623738352787,0.00411180550972592,-0.00641239604826083
0,-0.564317042672164,0.998919688954306,-0.16601442200586,0.569188862994201,-0.368151585273591,0.163634539089503,0.0658327406036188,0.278226377367791,0.391938575388381,-0.191713891595317,0.0735910132072835,0.0438880909099804,-0.103280573019276,-0.0486035046414879,0.0216181265598432,-0.00648613958313427
0,1.06512401948701,0.791291303206577,-0.420507138160309,0.277935277700826,-0.546796275130679,0.24990278444379,0.0111720699788863,0.19753710583993,0.389508041822435,-0.228072842030516,0.0207628341651506,-0.048975285533856,-0.0581581587652271,-0.0404471192449413,-0.00782556012918112,0.0200432170725441
0,1.02513302262753,-0.214657976770343,0.194674662555207,0.105272715336081,0.15455691176437,0.309650753373935,0.5068414028897,-0.0593991849668217,0.50788180723334,-0.0410890891415838,-0.19906112799173,-0.231678099623822,0.168745101088585,-0.0468872744968534,0.0117142186205408,0.00332185838454498
0,1.17560530973019,-0.31842720145616,-0.0823827329407533,0.00273102224459371,0.143908458994636,0.460271576993572,0.454676241144334,-0.0392635158054025,0.509068777319511,0.0052895050101593,-0.197841709023909,-0.0640847996467236,0.215832058634312,-0.0447151384565233,0.0610179900123277,0.0290162052125884
0,1.44434125572052,0.209740218591989,-0.144695467066655,-0.0422180382244701,-0.0555013300003951,0.185766948555004,0.492852388343946,0.162227756381552,0.490101551963542,-0.0360217916377597,-0.245443435603268,-0.193062749911552,0.179069851441734,-0.0308768169989019,-0.000836285620894956,0.014452239180983
0,0.918654391914378,-0.026577247031613,-0.102759906830797,-0.0534723085600087,0.0248200380679577,0.236572207290095,0.494853345498135,0.172131291039391,0.534016305323632,-0.0506941358031729,-0.21389310942857,-0.165609889112011,0.177369658773955,-0.0579408121756355,-0.0254590831308843,-0.0103734308929848
0,1.42648066289593,-0.386743501222487,-0.0649140658592686,-0.0995069214884123,0.0968837612770527,0.161924813769065,0.46553891993057,0.0888410006258793,0.456068422380606,-0.107103693855804,-0.202418435440759,-0.196061458565375,0.149156538746282,-0.0897489779186946,0.00923858609886275,-0.015092339746275
0,1.41189923255915,-0.323972626372387,0.0159286757804072,-0.0374583930614675,0.0235598454907689,0.158754762857274,0.47351762629503,0.0713811029031623,0.448717154267808,-0.0532868896583387,-0.257232515521384,-0.236225105688993,0.14391302546642,-0.0708320348596935,0.0116069769666895,-0.00957448255405534
0,1.24187181407332,-0.545202988217412,-0.108519434397671,0.0354773277410528,-0.0377851626987517,0.400272686283124,0.536456053898805,0.0917595322006797,0.535647872401771,-0.0595928700233917,-0.174577539951664,-0.226618662996609,0.162981714718613,-0.00855650397494626,-0.00339874035971499,-0.029944196364235
0,0.964051430739253,-0.289977258091456,-0.0806692085416627,-0.122345275164983,0.057967684614159,0.310830549735772,0.469954792652113,0.0874252626734873,0.501244363772774,-0.0375753834636656,-0.158936402951204,-0.186392124591249,0.151768865013246,-0.0303858103034828,0.0113505490199768,-0.00862142759971793
0,0.942017556789821,-0.239831705567996,-0.0865113518552566,-0.115776539455295,0.121186253803567,0.209922101652314,0.465803462844939,0.0769879725446574,0.483483119070684,0.0252449895471508,-0.239450085246716,-0.217596181104629,0.14469321514683,-0.029750449531044,-0.000453034391952582,0.00832331595885219
0,1.01974578816608,-0.188942951761618,0.059043286678349,-0.0553009188401624,0.114089650175161,0.281636616260864,0.491569233212528,0.0715280533614523,0.473600483644011,0.0379790751568309,-0.258721681902005,-0.224203207697784,0.164825127965045,-0.062473661791458,-0.00174607405089044,-0.005184007327248
0,0.839852906879762,-0.254993622998226,-0.0746890055259127,-0.160458734439886,0.0528102179470851,0.27116462032827,0.486876151596356,0.0507744120178951,0.475442923962145,0.00938944006335177,-0.185191139027018,-0.200699984519313,0.155621515082552,-0.0602972339597169,-0.00441854680460473,-0.0132974979904115
0,0.942424211039672,-0.193029351568527,-0.104848023926762,-0.259639325190287,0.0294149404797722,0.217626356865476,0.513430428719432,0.0383832270176564,0.476225198778424,0.0266449976629055,-0.216204884424469,-0.217655265015471,0.151677114821474,-0.063843092893054,-0.00993524029795551,-0.0149337901429302
0,1.22524771144177,-0.300779918657145,0.0556184367904955,-0.000412960830472009,0.133227156789394,0.194083456129914,0.52313146945461,0.0925598125474051,0.469141973772669,0.0185270293559194,-0.284839619420974,-0.211793845012776,0.183207471915051,-0.0715732246588349,-0.0220043973781102,-0.00268102711216242
0,1.2200302941054,-0.283926723821725,-0.117066182229188,-0.0651009223011529,0.173147746728671,0.196983960869531,0.513285862847155,0.051668730375601,0.488936572123346,-0.027869883350367,-0.29949764971962,-0.16564932424318,0.1644863100486,-0.0501039877654676,-0.0411440682295205,0.00501103653130262
0,0.852398572346729,-0.253564947951341,-0.0365465199227633,-0.173508821510598,0.0581869945988855,0.156006327119953,0.450621791018293,0.0417234532500293,0.474914559269086,-0.0872712448848797,-0.253120005103035,-0.220360794347717,0.177416745667121,-0.0320835674044539,-0.00972995763498289,0.0146752442155235
0,0.66659111504339,-0.130516502242987,0.00354525998956695,-0.137777697593923,0.0114307587927847,0.233154331432758,0.439687490104667,0.0285788209780819,0.448993549534563,-0.0800514832919876,-0.279001780027276,-0.182089907457668,0.124341749699394,-0.0707734709731027,0.00998421534828268,0.00323397525535907
0,0.847434966886889,-0.194129144514445,-0.0604320983300834,-0.15605452219474,0.0834622076834932,0.31729516572027,0.587419394494814,0.176877057919213,0.480859494563734,-0.00146122794654539,-0.234827651555095,-0.175098686570856,0.139272400867562,-0.0622939632973427,0.0308188158844874,0.00516995941261472
0,0.915083840765602,-0.166073347779275,-0.02838643562178,-0.26229542239591,0.0957470243774274,0.384335657003944,0.568447184588036,0.0946871368191476,0.424459733853036,-0.0625034872136486,-0.271189463259544,-0.228644024780141,0.14630930192929,-0.0455324748331978,0.0288273998401975,-0.00951599910192775
0,0.961390656702731,-0.183281202211585,-0.0539960279721791,-0.219962626845391,0.0620025698151553,0.282317576687364,0.51006370564592,0.118551133627362,0.507979136126521,0.00808733957099731,-0.268971895690427,-0.257079225864522,0.139131708898905,-0.0740221375732673,0.0161860616345833,-0.00527302594983582
0,1.0694109230747,-0.207962157080952,0.158769483785381,-0.285423454651371,0.0744315171043656,0.274110635296269,0.486617177268386,0.099830615415847,0.526875812244884,0.0120152367302294,-0.236639566589954,-0.206280216499673,0.157878542403589,-0.0629860107967934,0.00609570160106141,0.0022262015391177
0,0.29890592400565,0.24522888590144,0.190057993928202,0.361388324522726,0.312918700261757,0.360761470651184,0.151606112411319,0.0325566393613149,0.280797087305775,0.417698131153423,0.35776288398755,-0.113004023213067,0.0054488808036167,-0.310790447208998,0.108145543732707,-0.0573133339805539
0,1.26429347766803,-0.0929837752111325,0.0178959222452468,0.253531217861752,0.166647181389761,0.345733826268508,0.083857405059161,-0.0114154010868465,0.201303715564774,0.469936479390173,0.348951112303399,-0.0701375180893488,0.0893157203274287,-0.258445998593844,0.103676996203646,-0.0473166813718772
0,1.48389579854318,-0.203445573010477,-0.0329485456698666,0.173502825391993,0.133294763037754,0.339330351850053,0.00819361976643398,-0.056180734579026,0.184052044199252,0.515944290474442,0.410006303376484,-0.100763072154167,0.0854667463589629,-0.194048421833075,0.107090643261371,-0.0440057862747709
0,1.38530727734895,-0.133725005590421,-0.0944759951799163,0.284034130451463,-0.0174315616441361,0.333990070983965,0.0799301588740386,-0.0411312568933894,0.283285203602233,0.402053192234932,0.300743764087362,0.0267327832035828,-0.033034124066622,-0.26817387204334,0.0744434919808657,-0.0372876863953802
0,1.13502056109458,-0.100807829851924,-0.0924357752346794,0.222357688336223,0.0246144941416754,0.393315428948966,0.0575328854618644,0.0670921826648794,0.228550359239571,0.42584014170707,0.29931138521527,0.0248827703476444,0.0499097957874422,-0.332718252682267,0.0677758401779645,-0.0298940607832687
0,1.29009744957978,0.10282407718486,-0.145956583067501,0.243420344531917,0.281729686834841,0.313535840950206,0.0295113383482846,-0.210880229186993,0.227203895964168,0.466845581716213,0.222419944691672,0.0810482084112042,0.0814357484687473,-0.299226473168449,0.0689450277060681,-0.0510655279195598
0,1.15703809948467,0.0463544382074745,-0.104525307554011,0.397982532684077,0.28774912027152,0.403601172676936,0.0144683672731064,-0.00941398710862876,0.124981115674004,0.430929078351962,0.322114471665872,0.111876644013674,0.0555999734743488,-0.281412309660104,0.0532197919990781,-0.0140622585861826
0,1.34833041307877,-0.0216506291458442,0.136681647557538,0.657606539945773,0.764337897305421,0.398153591161154,-0.0255318742549494,0.0264858790229303,-0.0784234298122718,0.657240802576367,0.129416584551104,0.107940736189458,0.0130399136404073,-0.257734237515608,0.000295852078233026,0.0164321282683204
0,1.02696539138356,-0.18211137113137,-0.00319386698243089,0.119197763561638,0.0602949079679123,0.334637240181921,0.0370439505280347,-0.0237140703270923,0.185527102922915,0.509077506891225,0.284382903509114,0.0274527599664868,0.110064371908173,-0.355356121957246,0.0930855348810501,-0.0347608439838424
0,1.68593785752948,0.00773380190663776,0.0371699374792176,0.105418247755109,0.125568847379762,0.365917043161341,0.0669356555569284,0.016418200239529,0.114427369800579,0.469109924398801,0.327850259144594,0.00722466969148558,-0.0265766984512735,-0.300601231201084,0.10438456448791,-0.050243044059929
0,1.13045819406722,-0.271432920001808,0.137703974505661,0.140380392036329,-0.00802026368457939,0.368305183298383,0.026236880470855,-0.0642303405043729,0.200286465018315,0.419075123921603,0.303589043871601,0.00295514972805153,0.0706642365404023,-0.311169084971014,0.078880275082005,-0.040014574462572
0,1.02514231400233,-0.175237169261391,0.219602546871584,0.338894393827262,0.014412794137121,0.353355633419769,0.0805817521439205,0.00921277530146525,0.233831926670404,0.420404679182845,0.277401546105107,0.0328672593567432,0.0850732579987685,-0.299227772233042,0.0784519488825145,-0.0438240379019849
0,1.34016048346471,0.0106200541624181,-0.0839029941347779,0.192888706276498,-0.0314170326393812,0.375068748674725,0.0179824731096108,0.00410885054569424,0.232681990076426,0.424840080620536,0.298657733893753,0.100675798028752,0.109535943030433,-0.33050674697878,0.0969912385431199,-0.0435794181152662
0,1.13935938024093,-0.100108391255533,-0.134123798689924,0.252280717863936,-0.0460850766581696,0.410617890082687,-0.0165904276084455,0.0445335144545176,0.209398159647584,0.423813250185114,0.30321218174254,0.0425392726662399,0.0478847727304584,-0.301768352749271,0.0716410724953824,-0.0260582262799477
0,1.27281223675064,-0.163810953226651,0.015997617342171,0.324159937498467,0.0267055857532542,0.346377686995583,-0.0927298488881467,0.0985543314937129,0.219837343817654,0.454575016633435,0.208549078462793,0.00111692776300887,0.0234061667243481,-0.30488596533299,0.0849106618433068,-0.0423773928651328
0,1.09575814800028,0.244826216816069,0.134245370770114,0.297380577262138,0.0841888370419433,0.355772740951014,0.102180140871056,0.119145875750135,0.0896088457790992,0.485281209770421,0.277392187130204,-0.0214044079076935,0.075749566763891,-0.308833483924364,0.0698791498420048,-0.0180429088610422
0,1.34193380105517,0.36782302081952,0.0777629811037617,0.401544824137982,0.079003567154943,0.358752915503894,-0.0417647801721976,-0.0276714105126887,0.181222385387399,0.465069732500682,0.325819139138601,-0.0212700994186046,0.110017420550335,-0.310390824257404,0.0715208002365509,-0.0219095037861064
0,1.69127986084977,0.241354619789195,0.0234226876610855,0.651510183049478,0.301909543374612,0.290803179990188,-0.289012589912165,-0.110116775351137,0.277580882149108,0.450200908756201,0.433129059780827,0.0390503203863921,0.122493998091993,-0.347752475446149,0.0961504810058937,-0.0213710768400211
0,1.54439103379354,0.289868056576394,0.187098427662653,0.32892028127197,0.0102127933145985,0.345476357945669,-0.130576843087958,0.0373648874394881,0.270060523137753,0.405460956362729,0.388272123592446,0.00604068231562142,0.0271556620437892,-0.298640327160057,0.0526592949581923,-0.0358167648933163
0,1.17129124326583,0.152123840509819,0.126527838682808,0.133300962866162,0.115884056538091,0.369305275502338,0.071687639727848,-0.0270435352145141,0.251541094279892,0.428777582002448,0.263745759571053,-0.0100962668929069,0.0898612076534601,-0.302223024729543,0.0524752564763029,-0.0156254047716471
0,1.36648825269063,-0.080232501957322,-0.0112724349738535,0.20440405895711,0.110843537164405,0.388995764073131,0.00801569222836501,-0.00366031770953121,0.308538409942299,0.436148747635435,0.345343659152524,-0.0532591687140567,0.107833576177412,-0.262031641415561,0.0609014620793971,-0.0312796592609212
0,1.39759422694419,-0.094565671846316,0.0287397211677676,0.298514732169273,0.144135311665822,0.503695125264315,-0.111719761010107,0.124071192332645,0.253566049113349,0.429709703018898,0.287341254482321,0.000163306260781117,0.114327021152499,-0.281248814601211,0.170066840408916,0.0363174401656404
0,1.34894043869019,0.283793866199514,0.0601629124938157,0.317814014062501,-0.203395651965195,0.344866360760253,0.0794753458353216,-0.0725270224496809,0.224832013113515,0.460382734750533,0.356307828123998,0.0619326139374873,0.0981113803308377,-0.336728161309685,0.135207757472385,-0.0032767279962407
0,-1.17798219005493,1.2541717108832,0.23858915347258,-0.0162808441483252,0.472667059897955,-0.0467693187911531,-0.355864975409246,0.255656724089169,0.592815604205456,0.333776621934229,0.0104771262412143,0.240154084446887,0.179683507183839,0.00499992030635048,-0.0076721766618787,-0.0119856403264563
0,-1.2041260628471,1.22141536142346,0.305000215774051,-0.014886224617038,0.329202858938013,0.0668268236754982,-0.226901045591713,0.215601132553609,0.480165754567891,0.32160563417793,-0.381587319601233,-0.0473039335845272,0.00916057981916871,0.056335826869071,0.00429733842859578,-0.00890817937716294
0,-1.24443358263585,1.24278520750787,0.290823110487847,-0.0142431140203732,0.367933510270609,0.0178471413311445,-0.231629013576176,0.157881558511142,0.585966984286588,0.521365126162347,-0.283710944838049,0.168700019663873,-0.0033501454355497,0.0761893068627905,-0.00375521357879573,-0.0115572854221669
0,0.266840469573805,0.807983113898518,0.379369922801634,-0.0840132305026486,0.0573267805904606,-0.0715674492181406,-0.278007213785561,0.35735813485814,0.510257535335359,0.221068409014357,-0.0149218384425916,0.228601655594675,0.190566428336633,-0.0307519835026973,-0.00580667745694095,-0.0588212661501895
0,0.646875673582502,0.759400654542745,0.355123132282748,-0.147946482356562,-0.0481508980003938,-0.160866022929238,-0.200803461578005,0.211571866999649,0.461675568976776,0.215589743344406,-0.0983819764397189,0.27282350031143,0.15565332965317,-0.00765368108082121,-0.0646178495728624,-0.0531042864959305
0,1.01337516173819,1.25255399888826,0.0578330714828652,-0.110926340155407,-0.0842436274561246,-0.119104771043073,-0.190015137948171,0.367023965013352,0.512398765015615,0.279889961760319,-0.0718785771208708,0.220120385858896,0.158939594909496,-0.0160746399428546,0.0164601431285212,-0.0563848526566854
0,0.961576264981164,1.26849481941851,0.149199733412089,0.245658834970137,-0.101573149187385,0.0460669064794274,-0.415358482559942,0.246801785278102,0.475061517157221,0.277675387039455,-0.0735493817295496,0.259061092800309,0.149586695589035,-0.00869678867495149,0.010875787318338,-0.0420374877408966
0,1.07306332514664,1.31999517614066,0.00251288413944426,0.261074034319124,-0.18947173763752,-0.0269557973553734,-0.372936415510599,0.109495093828537,0.479761441445461,0.177985788205667,-0.10950672476132,0.314370118980638,0.162270952619666,0.0131504682791191,-0.111900597235453,-0.0557504316628675
0,-0.459048306505539,0.945959118572261,0.488055563048395,0.130094540161078,-0.2574125857063,-0.0999781508371222,-0.404465125724201,0.373328092491618,0.561108243456906,0.188018631101728,0.0193569392414949,0.223353936685582,0.0805524577009661,0.0311816256201825,0.0111597888560409,-0.0245603895445302
0,0.86203551166048,0.94394755537471,0.537957715972513,-0.104875931967544,-0.0740417890277432,0.046131724260435,-0.199518530530686,0.212811607049368,0.605824415908159,0.359806798873355,0.0272443258116553,0.225612312053899,0.207596692158905,0.0247407294781372,0.0462074912444408,-0.044544380279634
0,-0.699915362761216,0.806670876051479,0.366204569159401,0.0481944158950798,0.0215029147573466,-0.0515535136047193,-0.326524560017069,0.334316159594157,0.470157291038516,0.326608591061658,-0.116866848112087,0.20667614364261,0.102601660522097,0.0581661404287662,0.0381880695989187,-0.0987335198733628
0,0.475147051334615,0.857387194140848,0.597652364903277,0.170282366553109,0.0647760954811672,0.0648738082918674,-0.310451286172433,0.277569069190676,0.450993525324378,0.306966445956611,-0.0892336229626406,0.267859317559643,0.142811277047569,0.00270892147230714,0.0470460544758361,-0.0466809934304229
0,0.675678022312988,0.777099853196512,0.525599560213378,0.104763142009296,0.0296923167456089,-0.000809073052253949,-0.308328472595101,0.261606227952622,0.439801888170254,0.32750698005262,-0.0344106344841106,0.209923239531022,0.15655983383569,-0.0109584392802122,-6.16509445861259e-05,-0.050468675460084
0,0.643544023065263,0.749428898096417,0.654597493929862,0.0715557963648344,0.0528350392202013,-0.101698587530915,-0.367926061384505,0.198574222909376,0.411614629237544,0.346996544128925,-0.053293333537676,0.194840518759005,0.173283201880771,-0.0173977875891462,0.0139168258364981,-0.0479668816627241
0,0.701392084794738,0.766114217160135,0.497567461447651,-0.059046648141396,0.00263823444044121,0.0543493258811876,-0.317472939950995,0.251132332299906,0.4272476020679,0.312765107604328,-0.0190867123595938,0.201502222729389,0.143409357357263,-0.00200266813374183,-0.00497337317566686,-0.0428359239489094
0,0.85229641251737,0.978140169510537,0.390770879618944,-0.153708205744348,-0.040214011080401,-0.0915344424166694,-0.282437193118926,0.286138331043066,0.486626895406707,0.273902903921734,-0.0783254575337284,0.232614613370757,0.163100889462176,-0.00306545719509444,0.0326638391407248,-0.0315345481982135
0,0.262858746233728,0.384197245081476,0.269689936117872,0.0296509752999531,-0.050083737282855,-0.178103072226044,-0.308548516045321,0.259935067596758,0.499777047825387,0.296855212361567,-0.0852161313186659,0.212665089332196,0.189107683855286,-0.0100722982717587,0.0251733084735862,-0.019342061739546
0,0.80136574894475,0.895221341603391,0.320230429452965,-0.205840124372939,-0.0334052138220536,-0.172006560833827,-0.352773192002628,0.363257524529816,0.500750689298385,0.407188905326245,0.0377763381612972,0.152503916497294,0.132872285318904,0.0069970441305531,0.0159581726381784,-0.0288812078097942
0,-0.928499717687835,1.1282945924072,0.40289285906554,0.00511747246339092,-0.218985644231944,-0.0603256110470358,-0.220765951473065,0.418686097549308,0.260735120046942,0.427051352665994,-0.046901189485834,0.254935521053389,0.240596041680488,-0.00261021136292164,0.00660210079481245,-0.0181015519845657
0,0.0422046069804989,0.969498715300666,0.425861771881135,0.0313006473164529,0.000950067419849272,-0.134807575403583,-0.232020535487283,0.394593149796914,0.372219452267772,0.387150242001069,0.0507540211665509,0.237025652994366,0.168904213822293,0.0163706786263238,0.0216410970389614,-0.0475571915904618
0,-0.920459091859446,1.14182158417117,-0.0437421194161303,-0.197439549895767,0.626516643847552,0.575236489114176,0.275470136566435,0.654608401242038,-0.12337637024943,0.0949748189029144,0.143367413352919,0.379192466980967,-0.0355698565010337,0.0281189398577272,0.0370536220157478,0.0418567060966591
0,-0.986979616888917,1.01782043815711,-0.449128692046154,-0.202442096461553,0.124469633184001,0.292367814686583,0.258356049080289,0.508030366080537,-0.130053128883676,0.179711779990027,0.327993152898466,0.26972867389561,-0.0642291782865126,0.144857725389428,0.0377293799379398,0.0516485596618614
0,-1.00421660259367,1.04165743837329,-0.439809615888645,-0.190097248351794,0.108123197848807,0.337714210377168,0.289147970748978,0.371078615994629,0.00455033660559548,0.159787580666977,0.329079743087251,0.216193510468443,-0.0694150509214748,0.137635970710737,0.0480915212761397,0.0241083593382875
0,-0.732565808708225,0.805869302288416,-0.497623672223919,-0.16841469735578,0.223048360739769,0.247486034377796,0.180339142111905,0.621020398632193,-0.240333930397396,0.140201011192669,0.3131377286259,0.239883384109389,-0.0481954128860485,0.0813559169279523,0.0421402199980531,0.0526435470331549
0,0.340544746062187,0.770235860634445,-0.299242114203386,-0.229614649762195,0.315729234879853,0.302637932270796,0.0429080519271784,0.512572636657206,-0.224268244923214,0.200833458542761,0.294404854419683,0.204949485689013,-0.0157234903369931,0.0743840885077574,0.056341967144093,0.0547823336502268
0,0.899261003387843,0.884095105765037,-0.219425726014566,-0.117595751878503,0.219238775073526,0.326151359817131,0.184491100668164,0.475748201642468,-0.219529187369244,0.152916403083554,0.281520246483192,0.222534506068357,-0.0369593662863944,0.0728055732156067,0.0225678403565951,0.0498118804142062
0,0.943104888659675,1.03927451552217,-0.310842864543639,0.138165455234371,0.271798137093592,0.260626899498965,0.231760434835074,0.487267883352358,-0.242150666917039,0.166730150726223,0.289984344133279,0.248082395322739,-0.0101992920337906,0.0733951545195551,0.0132214482506833,0.043661267424765
0,1.00905492750138,1.01409053734007,-0.32197293493266,0.0933051500505941,0.315863767503408,0.189844424077814,0.124394432743354,0.471258208429622,-0.195490186297509,0.183076721663474,0.261837714155905,0.207579533850793,-0.0589281495681302,0.0691293921859416,0.0613938874503744,0.0735313863828566
0,-0.336072273443353,0.871896564510613,-0.271334432146221,-0.178518155440236,0.137161294943336,0.4646241041649,0.306109576026777,0.453732132739234,-0.380788908165724,0.2798198974535,0.307241477208254,0.21969691243904,-0.0469982648993169,0.0631802001055096,0.00908273470713412,0.0566073222014361
0,0.786986639756252,0.992350040265295,-0.340813905169568,-0.379891142442862,0.269017527039811,0.187385846786437,0.237696173356929,0.628810168442968,-0.253208512026513,0.164749078037912,0.291441749591096,0.249876316115395,-0.102753882061922,0.0739640166660559,0.00249435106896749,0.0576916383829515
0,-0.271643884815301,0.897107127699983,-0.310740708959441,-0.235043813481399,0.223348104158225,0.298682251693722,0.236830383634586,0.545821910387629,-0.294707956745508,0.227518178139919,0.265956565319563,0.155788958875429,-0.067274940379433,0.063474007521901,0.00535705800173722,0.0675476954186834
0,0.439418625565429,0.83508086945421,-0.245936328929869,-0.205159762830463,0.114149005184129,0.397204185957558,0.0489303053181241,0.454857103499375,-0.260095750304895,0.203866411184763,0.279294894541982,0.267932363687479,-0.0853850063590514,0.0770547317486974,0.0317904371452578,0.0627943781440624
0,0.936524332205415,0.935522458349777,-0.272495253646123,0.123669222217414,0.174689629467863,0.346798927680032,0.135429180726603,0.467981662288628,-0.261711892431624,0.196187826753908,0.285131904555922,0.285331929572389,-0.0707971537942496,0.0781114247813988,0.0398743571583188,0.0554459633022196
0,1.06002641668423,1.06928760696503,-0.378931340215658,0.483298869988597,0.207800015122552,0.0955057668786771,0.319042512058057,0.499247481376254,-0.224104110344326,0.171561071599142,0.239408418061917,0.274917136719387,-0.0712957947761558,0.0676616379121381,0.0389748061664111,0.0605886780987197
0,-0.284193685043358,0.838922285863248,-0.334707747422137,0.0293190240369288,0.171094235276043,0.322706588771655,0.262813229195925,0.373231285211074,-0.116964935110308,0.133900470903362,0.270698085345183,0.248867937727113,-0.0538003817555269,0.0409032777057134,0.0156990720904718,0.0664655387723297
0,0.577190522525434,0.853874669279457,-0.229528307192052,-0.217180023324027,0.158820271370807,0.358935906322616,0.200825415059539,0.385810228098711,-0.196005796208238,0.151540521701003,0.300442037554693,0.331065341634898,-0.0504705674608389,0.0842483096207584,-0.00239080441678697,0.0478772030042049
0,0.247461332943277,0.258701770642765,-0.140607835463418,-0.128559537652834,0.227392426942577,0.269159811771952,0.171500633363638,0.486848787927037,-0.233375579184975,0.211662609324499,0.259548555378865,0.269552709925985,-0.0495329506364753,0.0696341593874516,0.0351969291616248,0.0329768248010352
0,0.816521675169191,0.794537825971788,-0.237482541756784,-0.16167034072478,0.287099054359489,0.261331721255401,0.136307588415675,0.524374528573776,-0.170457893845192,0.184361585872376,0.264977597503055,0.176610542876066,-0.111744138535609,0.069923284968538,0.0275749983434384,0.0517707752330464
0,-0.396082043475757,1.16674139551716,0.199597572800691,-0.160276712367889,0.122968626248992,0.139134386064086,0.134889091123973,0.529385952849843,-0.238247640784165,0.18524449035567,0.202011516011027,0.215307149155249,-0.0645559305431489,0.099855566824155,0.0227054158821372,0.0534780806338176
0,0.169606654879357,0.984699319305488,0.0305718317537127,-0.163392276737195,0.0378371555886994,0.316206540671095,0.212867150059508,0.539873570655229,-0.244610047354656,0.171287185246568,0.368678693177936,0.275363833012503,-0.0967926745524159,0.0930046350571163,0.0308099245776255,0.0631393943942131
0,0.611891255923064,0.808701972212187,-0.195148801134046,-0.183499285362182,0.132115428467981,0.428467142207182,0.161106913606136,0.564410560360632,-0.226309829753395,0.0851465497161666,0.294482344353611,0.19274729665633,-0.00431448249152741,0.0838056382997747,0.0350104526929297,0.060776706372077
0,0.39733879834849,0.758361257995297,0.564243989393931,0.258088685643834,0.0399913231392017,-0.0146866899714774,-0.0106945126065668,0.0326245594031748,0.785667145188235,0.412143267598845,-0.0462834742676067,-0.307548251226528,0.302047166121639,-0.0185843849650304,0.127918172349283,-0.033589316757311
0,0.744590429622381,0.990291397801507,0.561308803623383,0.487465274312748,0.00629014037636349,-0.143249496958273,-0.00576342594610663,0.0859043608445173,0.801126703906627,0.283159250566233,-0.0788660894400729,-0.361325693580959,0.252313356260364,0.0189774718929779,0.0975046406905386,-0.0269715839843208
0,0.659345138665107,1.12260113377561,0.60307766928097,0.342220702946859,-0.0354587526481706,-0.216941741521127,-0.100215564882278,-0.137980820028951,0.752268451240025,0.543622123530527,-0.134517878013923,-0.289551920266943,0.286926968347644,0.0892565285372152,0.0970740097178827,-0.0488212185526029
0,0.596653553405597,1.04777762686923,0.280756316096979,0.327741575838219,-0.37101140843174,-0.315036576896449,-0.12639121512854,-0.0925915092163012,0.878477006087305,0.412943101755676,0.0266307841395608,-0.356194408757414,0.239497674343163,-0.00221502721463235,0.124559636737155,-0.0278807592493898
0,-0.271552525021912,1.07022578065071,0.0987542236786543,0.340394336963821,0.0255230582171302,-0.272679852524595,-0.0546057743120065,0.00185496179512448,0.760043791889209,0.431804572008956,0.0194976048493272,-0.316286455880792,0.197475962574769,0.0473057908405252,0.12456305831479,-0.0465458784409057
0,0.0954603042212881,1.32086816916436,0.367326457231391,0.298414451924831,-0.237125601656771,-0.191235931594272,0.104813228958879,0.113139290606863,0.775865399465644,0.370438389773304,0.131212517974785,-0.343696320378972,0.197057295308323,0.0558697970501333,0.100571506470803,-0.0443467505007283
0,-0.0912600068800631,1.12207455538309,0.427719160233389,0.406451874767463,0.104555437561556,-0.37686598593862,-0.067472117204458,-0.16693743544896,0.824767540602173,0.474319335976803,0.00842702812037804,-0.35248453977884,0.278066263941136,0.0548482109026351,0.15200923344666,-0.0230740811360123
0,-0.119639430979252,1.17306094118985,0.512971208659243,0.329071089407003,0.0187810815937805,-0.371733321218926,-0.0347775987690255,-0.189526867866268,0.704698163444988,0.573225836504095,0.106715769036671,-0.329464241370189,0.313577675514443,0.013483510854396,0.182282373171811,-0.00533895918714301
0,0.644118393769219,0.955372689577724,0.534167003130381,0.319511581515636,-0.127344184251435,-0.298671196159224,-0.0359780282541367,-0.0230643973109858,0.804162609599489,0.407793671378934,-0.0285335808085362,-0.349013335696146,0.26382311067147,0.03889218478646,0.110227205169928,-0.0220316305721375
0,0.0517558140675612,1.40797838593624,0.635870968928739,0.337273018687506,-0.0491555569267898,-0.155103157692365,-0.0399078119867285,0.088121562048539,0.750360623813363,0.361560293786179,-0.0617919070670324,-0.312002394722357,0.209497285486393,0.0678025993667109,0.101702083966919,-0.0506352643605715
0,0.657058193651077,0.867903102745339,0.462125747433859,0.278189312106083,-0.141451695325493,-0.204201585846196,0.00725199718574094,-0.0194674393899338,0.738758078152,0.388057917287603,-0.00310851333839969,-0.392084471726808,0.267437001144529,0.0820439561015899,0.129345942833725,-0.00787466194689592
0,-0.294271803085024,1.2391998074705,0.284787716541433,0.325317425900878,-0.115811981342824,-0.250335613369359,-0.0879434781472178,-0.0283526110388446,0.74954001760136,0.416707256245378,0.0442963077129541,-0.354402004586164,0.272567806356644,0.0142268338993778,0.0952012840839681,-0.052174098125622
0,-0.216680453678249,1.33595214736049,0.323163657009432,0.444043726928487,-0.108034287432045,-0.140319721979575,0.00543531648580701,-0.0545890924226187,0.788160409648181,0.445973299449835,-0.0349255432220891,-0.334633512855345,0.230097381999806,0.0230167210064301,0.0941731666093484,-0.028087791137895
0,-0.214494303407616,1.44962773856078,0.364840227439627,0.278182677280675,-0.265247288816019,-0.0482586540860516,-0.0574567302355564,0.0291854839570342,0.633091138730467,0.577181454402731,-0.128250708551035,-0.403866575659712,0.175054184900493,0.0718738988071253,0.109035935195337,-0.039185971935475
0,0.747435424758298,1.18957587200852,0.316803654735977,0.608157782202028,0.0347586982732005,-0.0294882893500418,-0.298100727716647,-0.0560044885651541,0.772911679664523,0.4806370466666,0.0791904367563445,-0.410102070736216,0.240794292684525,0.0442246428706528,0.13554923815744,-0.0479211023675452
0,0.208160543393092,1.18653398673174,0.352085724663492,0.441457278309772,0.0867397513768219,-0.220495139021986,-0.0685803654756997,-0.0415298799483308,0.758635291251593,0.450688836505227,0.154878505837767,-0.312232520076886,0.271869465512522,0.0629043870177225,0.124132264516508,-0.0280911820342094
0,-0.138153403102113,1.44120454266349,0.456896968846289,0.348692788941553,-0.124525533955788,-0.125246326816822,-0.0559078619416921,-0.176802805453122,0.830100906278536,0.465051650974238,-0.0358212800816625,-0.384157270414844,0.186787214163818,0.013676499777521,0.0906127570622776,-0.0150527293399039
0,0.0153589653768524,1.2029134272535,0.505192590286909,0.098240707010055,-0.186920880202671,0.118235486179862,-0.0997679807756088,-0.0209455846378518,0.792847406779415,0.445884568783229,0.048367550450917,-0.383348175016257,0.268640266100643,0.0962796548879962,0.089815600981005,-0.0205915035645995
0,0.745819766660526,1.15225483726523,0.337573115843444,0.361817146860362,-0.243575543825858,-0.276120640583524,-0.0449385322442266,-0.00442236055791516,0.758618405888466,0.421150306481898,0.00720288097575441,-0.399611660452962,0.272025206648962,0.0563784519980892,0.0749505007374678,-0.0657235318466537
0,0.937017935477535,1.42989657206456,0.0660576789295027,-0.0468638487529934,0.162812042516344,-0.143932907572971,0.00542844799127098,-0.0490894245532255,0.815731161827659,0.443019710217045,-0.030168621357871,-0.354894081383629,0.255476926006575,0.0281777526979146,0.0912012951803852,-0.0342050325698786
0,0.44436165693089,1.35139052255527,0.136736787854634,0.219412137255855,-0.0637810901989179,-0.207787853477858,0.000991902294715346,-0.0873322842154688,0.836162004394477,0.503118733141431,-0.0298530567093331,-0.37509700394274,0.273550843120548,0.0574366697922842,0.109438275727682,-0.0311464380864242
0,-0.448625052978426,0.4289002006333,-0.0507912810368908,0.411866894360667,-0.052650350703038,0.83031736539288,0.24809250710287,0.0883978465667376,0.355509053125848,0.556595022830514,-0.0901232238273339,-0.202725832168577,-0.0845976198132099,0.104473223946674,0.0763002505777976,0.0225458013519717
0,0.363601174938906,0.716917796556862,-0.159174376673546,0.487333170629799,-0.0679014534152478,0.634994636855267,0.150982380174875,0.239161550513488,0.349110689988496,0.554004151304262,-0.048351681871169,-0.205528959471545,-0.0969110102702902,0.0485030931944649,0.0645951185244737,0.0313363123735192
0,1.10993746320805,1.02318923872024,-0.257042338426189,0.567610559033362,-0.0533781526240846,0.466546378848269,0.134097597850673,0.227260836841277,0.376508500372461,0.496231571632352,-0.0264964651179754,-0.127954621900786,-0.12400280623155,0.0148726021913344,0.10955530453278,0.0115043589746247
0,0.586995736853865,0.956114230085599,-0.180509344306764,0.580839959865771,-0.0970320654329142,0.362602341096949,0.0753554508767988,0.0818111395543963,0.311887528937258,0.521232735763748,0.00762990686967321,-0.246217328845837,-0.110802598190225,0.0199377287918964,0.0984811999463636,0.0178252226398223
0,-0.813354442695474,0.979660715237126,-0.0557683636535986,0.542027859557843,-0.228400390115112,0.314544929227655,0.223980408669165,0.141623405038116,0.355000972598579,0.52943646630319,0.0316711418922312,-0.209743405350865,-0.117758950264756,0.0244219353645106,0.0872419608872667,0.0210881178576014
0,-0.876875885063962,0.994968517537806,-0.0499537064781672,0.44725210615347,-0.0603649700986574,0.456695682651329,0.182894532288161,0.0830971355800159,0.326868499384695,0.509054331927361,-0.0170681653713713,-0.176611856023322,-0.0891902650880049,0.00199180414949154,0.0769869437779148,0.0209819738201312
0,-0.714359769448665,1.02189461781733,-0.0536987622516891,0.477114663087554,-0.0622460497551226,0.453379537631951,0.21731608121122,0.0567054677662967,0.276204353935516,0.52079665417953,-0.0370962145400455,-0.174120547275467,-0.0936363610334772,-0.0203336246247513,0.0747281010669731,0.0276426230028524
0,-0.779603041522656,0.948558893752653,-0.0473891291739468,0.512450561017911,-0.217984117430112,0.237371925850964,0.202318952305633,0.123198715677605,0.332030549652747,0.525157208938282,0.00254316233340013,-0.210768737566326,-0.145660914232375,0.0578257760507889,0.0793697437227742,0.0228590627329907
0,0.186360847871818,0.922558345386328,-0.0799413824187596,0.615428536404298,-0.130800127854074,0.352713676648649,0.155745401545196,0.148256354942291,0.336688553413047,0.530078572991344,-0.0043649131110219,-0.293579363537851,-0.118373185139167,0.0216998724394221,0.0945052234727043,0.0146573815837092
0,-0.0444527484042734,1.00384473094217,-0.0822989363742447,0.514584595372917,-0.112199561295907,0.358150469877946,0.129850976514718,0.0906277862690984,0.328851351120176,0.566225128874689,0.00239891724269123,-0.238940151332298,-0.143901872748882,0.0138105322237332,0.0814935104266285,0.00513501434445969
0,0.218015808391996,1.06829877244713,-0.083257564446331,0.509325486754056,-0.0906410678813414,0.322108195404217,0.396497536753742,0.112913604296117,0.411262990582565,0.558404005843595,-0.00340889122488093,-0.173818529918736,-0.123119252578166,0.0194515482769332,0.0816521797603804,0.0137943217358675
0,-0.0516770660212887,1.05643898047397,-0.0825932078869362,0.505619535869472,-0.127790857197556,0.297096536751472,0.349283842958359,0.103338887856053,0.458747463251152,0.526872344204764,0.0232689601165426,-0.166606580716086,-0.0754370464056866,0.00918147948243508,0.0811079920127195,0.016864556020055
0,-0.89117450285448,1.06280465600943,-0.0558310201216721,0.515901307900185,-0.175838312778389,0.327914124827021,0.182609065514908,0.137585295653732,0.382337933415525,0.520800945249455,0.0543083262633308,-0.183797126609659,-0.0705718220788245,0.00181695363360752,0.0853956651390109,0.0245709639286375
0,-0.808403385402201,0.994869679981078,-0.0459224204374816,0.490269961277688,-0.184026513001593,0.21484228874673,0.182551512260035,0.13915025538713,0.329572587385638,0.529959547224267,0.0114899056196061,-0.179707905855661,-0.112318186010123,0.0414037461141141,0.0748038672115275,0.0291496315664773
0,0.152979136153192,1.01560016048165,-0.14514378714811,0.626437567610817,-0.139860433277794,0.316737163745452,0.187629720854813,0.0585664678647407,0.41332814586997,0.47309901210606,-0.012202047496824,-0.142118001818644,-0.115043188929285,0.0256529226058267,0.0609090725273913,0.0381257320507221
0,0.0706647208778286,0.982199049232787,-0.11753638503911,0.720608795012063,0.0807174126505648,0.421142652599704,0.253112243766077,0.0405199002202399,0.343088251940271,0.491676905084341,-0.083045864519673,-0.123587426281771,-0.142625658997006,0.0137346569748877,0.057143973321283,0.0302092511171779
0,-0.92225299325468,1.02187237390372,-0.0282341253124728,0.644589001947539,0.0859879160571118,0.451459988773108,0.24957832009822,0.111623747005869,0.309417909081697,0.502697538030007,-0.0459274020347273,-0.199731479303193,-0.0564062256393131,-0.0193840373742494,0.0845441852799636,0.0219236331431671
0,-0.43063201894202,0.526081635077809,-0.0322981655133452,0.452090692418603,-0.134769156496685,0.306649043657772,0.155320246453374,0.132161942067859,0.390333775633869,0.515077504368442,-0.0449048588984698,-0.195828599548174,-0.0791716320213338,-0.0485985086568149,0.0691725999062174,0.00717529966769657
0,0.608473372967523,0.582874930826506,-0.00563253632577956,0.203338463165133,0.0292834242255706,0.237823449886056,0.319957866730976,0.184108709293175,0.33578946545401,0.530669232853927,-0.0229702293873026,-0.241979678241327,-0.0692435006056508,0.000103048165872167,0.0931055061732313,0.0200255965071824
0,1.04287842470972,0.949740924228884,0.421014901264412,0.249020706317864,0.0461884380192774,0.332267193552033,0.151289228307155,0.108939447813484,0.384159402941161,0.495295349230806,-0.0291736580527051,-0.210715578991751,-0.12586146195203,0.0170965459226075,0.0955931525689369,0.0329671767107517
0,-0.00637503129649856,0.987675079807729,0.432629531335219,0.668903194694962,0.0754819527395863,0.282332506131711,0.166838762594349,0.213715759698847,0.342085276214438,0.541591517465794,-0.0814231538632863,-0.156896545307399,-0.0720393565053691,0.0244338498418023,0.0765854385006599,0.0215748817109856
0,-0.762692277928087,0.892775221314683,-0.0446442905790528,0.365666974250341,-0.07093809945273,0.277739099273543,0.0694898895250061,0.13263127624829,0.411994409697222,0.488158602298491,-0.041270156868707,-0.186075940605828,-0.132757896370106,0.0329737887374921,0.0669969284754413,0.0169297328858378
0,0.316027672299885,-0.110788716978834,0.0409519924867666,0.448502674802779,0.260793274770989,0.598804047574524,0.261236954604679,-0.185280118291284,0.294355033066235,0.218764774392066,-0.0430694818182564,0.357108729172419,-0.181407873815499,0.066650078893044,0.0977750867327742,0.164001738696728
0,-0.515748477122625,0.289688655721832,0.146721807085724,0.228872405038875,0.666950350227066,0.61623973142262,0.0781006415421095,-0.110694131801378,0.288088139544248,0.326445945994558,-0.0434446074866217,0.221639592777166,-0.171684615706408,-0.00859877771868536,0.0733084245612451,0.162741267934769
0,-0.531825789331934,0.314381474980065,0.186321270870368,0.404416454451167,0.395021858505619,0.441347736024659,0.129883029927585,-0.138388306581048,0.25136007377782,0.379058109201827,-0.0425392400715095,0.314421157907195,-0.146830750026315,-0.00131995391584375,0.081373464759708,0.152295286659367
0,0.0823541709700298,0.433945809432366,0.183432584723142,0.300618808894862,0.327418909881602,0.381485573787062,0.187664703691417,-0.132481257733312,0.294551207217099,0.225028091186741,-0.0326280736425309,0.352609267926996,-0.19634304097532,-0.000498144467359361,0.0683235348952818,0.143240949831746
0,0.429744779295589,0.130455617008288,0.245717311091557,0.381591968180632,0.447682291587476,0.349281646269717,0.118005181216808,-0.13395691178402,0.277594234746789,0.205783836261143,-0.0615291281567493,0.349406812431671,-0.162021172397335,0.015174318138947,0.115443232639261,0.143119156052827
0,0.863489021386914,0.61090262352794,0.32039798036942,0.399234988269926,0.310056530790001,0.563457061463618,0.170427157954205,-0.137246121604628,0.314139669703411,0.23397991969867,-0.00314675289648672,0.320848595914101,-0.111968070401174,-0.0269344184177267,0.0526341701862953,0.143259980039148
0,0.882559732470303,0.58037382673165,0.410867966715011,0.456512845615445,0.435393589606332,0.50922708555444,0.20093843368509,-0.155816075136395,0.301451072657467,0.245904900563403,-0.02337286175767,0.339449924403445,-0.142497535111626,-0.0324513843883119,0.0858242033352586,0.151077281536337
0,-0.0451193671302108,0.31424336271893,0.1583228973028,0.432462882341682,0.376921168336661,0.377841231114499,0.17160199935476,-0.144446983641526,0.264552983672381,0.200018411057107,-0.0824660540449613,0.369246716447053,-0.0772435218000248,-0.014680525179024,0.0850778687461346,0.149691589586228
0,0.553734129739708,0.155672172499564,0.102584747507208,0.450552788775443,0.427733631067049,0.394619667365748,0.251561280193413,-0.148151670390787,0.301926796819056,0.23442857608298,-0.14199140448689,0.304852614924912,-0.120226641027301,-0.0132341838720431,0.137754739117386,0.131730906093056
0,-0.343301330734742,0.151447049164699,0.261659529967535,0.399636056657739,0.360788118588951,0.433313874144524,0.111528011899056,-0.0625883190508482,0.209008026638936,0.286944014389634,-0.0366400757290524,0.351694960068388,-0.0608158464627883,-0.0288987653300095,0.0961056247700802,0.197644863827728
0,0.519498983370845,0.183888734457413,0.226181549713298,0.665012284352913,0.55424316382527,0.249528285772165,0.053394794995247,-0.0667627315377336,0.288877045936419,0.265056354686148,-0.0146739736988447,0.34235113819141,-0.156490286191105,-0.024065081181134,0.0763737639398698,0.156798602851991
0,0.623312642995576,0.332024088897924,0.207570266341987,0.380061770784012,0.440495185989026,0.350949362473359,0.159224881431594,-0.124161304373504,0.272121708298014,0.226921916329642,-0.0436879825418101,0.338833531099953,-0.141799262320388,-0.00580596612952803,0.0990859665207237,0.142338958604885
0,-0.28524419125849,0.408029313234089,0.0784013180884112,0.446800255110204,0.282800516956616,0.437944692964867,0.120228450762043,-0.148520196436103,0.444106774734707,0.0787534439454138,-0.0410650008395815,0.314945462194274,-0.18738669121093,-0.0245343157380838,0.107191429278005,0.14847823802798
0,0.522030881402264,0.214251677301016,0.244694182564055,0.446400402925506,0.449597851995495,0.589361200367484,0.217110451287663,0.0123870648023221,0.234371512930242,0.164934905247602,-0.0792179069800494,0.330099805616988,-0.168453874351993,0.0249353597319881,0.120017512429466,0.149992254916652
0,0.677121489508765,0.276351938577876,0.109169846864851,0.536845062549854,0.528155115143572,0.509771874248852,0.190393104389208,-0.108383911304272,0.260632640022316,0.211629080812763,-0.0491177710910309,0.318985302365893,-0.111324128740666,-0.0588816911669814,0.106405688982313,0.127158627836839
0,-0.603168417138192,0.395112154394069,0.172350083007515,0.486395656185427,0.399571368120789,0.446144012482161,0.166562606733326,-0.118947685940118,0.310793038551405,0.174079221399934,-0.00254711405222538,0.351937692444576,-0.172302122000387,-0.0592601140731879,0.153186150495551,0.137801240854133
0,-0.681237748857647,0.452130626693436,0.167334398706574,0.513133159351952,0.437413740718631,0.480594896606416,0.168681131949061,-0.112072777256297,0.337970486543381,0.218020216188181,0.0236588838991471,0.282582238528627,-0.187899485447833,-0.0449944286679519,0.17994004686374,0.0999820966003881
0,0.740424625572518,0.406852264997882,0.132632945821706,0.482091110742651,0.276877308401891,0.498321884807472,-0.0221998363314159,-0.109567884096687,0.303190469284724,0.232434073304874,-0.0602040192489852,0.331927361789776,-0.151297832721929,-0.0105202232376009,0.0825892132129181,0.144418881580702
0,0.535406552908934,0.169998390239451,0.119295342754465,0.491419128802664,0.465356281904328,0.378246348495772,-0.0171221013202485,-0.120400737647902,0.32935570950717,0.218883494307681,-0.0566009416549398,0.355827860787078,-0.153689689699553,0.0232137000475876,0.109255240632448,0.149562668965899
0,-0.550027414509918,0.450708090097189,0.112268876587341,0.502342072794741,0.35723010847975,0.418853596141052,0.138472226347,-0.12454651239911,0.331486568649418,0.179561802249442,-0.0646772421826252,0.328807156608544,-0.12435227042545,0.0169921387081856,0.0667193957620426,0.147073946510633
